Rank;username;Name;Category;Subscribers;Audience Country;Avg. Views;Avg. Likes
1;tseries;T-Series;Music & Dance;220.1M;India;52700;1700
2;checkgate;Cocomelon - Nursery Rhymes;Education;138.6M;Other;14500000;79500
3;PewDiePie;PewDiePie;Animation;111.4M;United States;3600000;244000
4;MrBeast6000;MrBeast;Video gamesHumor;98.4M;United States;36700000;2100000
5;✿ Kids Diana Show;✿ Kids Diana Show;AnimationToys;97.5M;Other;18100000;71800
6;Like Nastya;Like Nastya;Toys;97.5M;Other;9300000;52600
7;WWEFanNation;WWE;Video games;89.4M;United States;202300;6600
8;zeemusiccompany;Zee Music Company;Music & Dance;85.7M;India;120700;4900
9;Vlad and Niki;Vlad and Niki;AnimationToys;83.6M;Other;3800000;17700
10;5-Minute Crafts;5-Minute Crafts;Other;77.1M;India;190000;1800
11;GoldminesTelefilms;Goldmines;Other;72.1M;India;31100;403
12;kidrauhl;Justin Bieber;Music & Dance;69.5M;United States;632600;41300
13;sabtv;Sony SAB;MoviesAnimation;69.4M;India;32200;589
14;BANGTANTV;BANGTANTV;Music & Dance;69.3M;India;4800000;766300
15;ibighit;HYBE LABELS;Music & Dance;67.5M;United States;492400;105900
16;CanalKondZilla;Canal KondZilla;Music & Dance;65.9M;Brazil;40900;2300
17;zeetv;Zee TV;Other;62.7M;India;142400;2000
18;filmigaane;Shemaroo Filmi Gaane;Music & Dance;60.8M;India;31500;446
19;SmartBooksMedia;Pinkfong Baby Shark - Kids' Songs & Stories;AnimationToys;58.8M;Other;340700;798
20;corycotton;Dude Perfect;Video games;57.9M;United States;8500000;316200
21;movieclips;Movieclips;MoviesAnimation;57.4M;United States;18900;197
22;ChuChu TV Nursery Rhymes & Kids Songs;ChuChu TV Nursery Rhymes & Kids Songs;Toys;57.2M;Other;447200;5400
23;Marshmello;Marshmello;Music & Dance;55.6M;United States;158800;13600
24;colorstv;Colors TV;Other;54.3M;India;25700;498
25;BHOJPURIWAVE;Wave Music;Music & Dance;53M;Other;87500;1700
26;EminemMusic;EminemMusic;MoviesAnimation;52.7M;United States;15700000;928100
27;aajtaktv;Aaj Tak;News & Politics;52.3M;India;9700;138
28;tipsmusic;Tips Official;Music & Dance;52.1M;India;234500;2300
29;sonymusicindiaSME;Sony Music India;Music & Dance;51.7M;India;118500;3400
30;tseriesbhakti;T-Series Bhakti Sagar;Music & Dance;51.5M;India;20000;555
31;ReinoMariaElenaWalsh;El Reino Infantil;Music & Dance;51.1M;Other;293600;1300
32;LooLooKids;LooLoo Kids - Nursery Rhymes and Children's Songs;Music & Dance;49.5M;United States;265600;1500
33;yrf;YRF;Music & DanceMovies;47.1M;India;250700;12800
34;taylorswift;Taylor Swift;Music & Dance;46.9M;United States;1800000;162700
35;JuegaGerman;JuegaGerman;MoviesAnimation;46M;Mexico;1700000;150800
36;Badabun;Badabun;Other;45.7M;Mexico;4900;115
37;infobellshindirhymes;Infobells - Hindi;Education;44.9M;Other;1100000;5700
38;felipeneto;Felipe Neto;Other;44.3M;Brazil;1200000;128200
39;whinderssonnunes;whinderssonnunes;Music & DanceAnimation;43.8M;Brazil;3400000;798800
40;BRIGHT SIDE;BRIGHT SIDE;Animation;43.8M;United States;56700;1400
41;vcsabiavideos;Você Sabia?;Other;43.2M;Brazil;780900;92700
42;sonymusicindiaVEVO;SonyMusicIndiaVEVO;Music & Dance;42.4M;India;32100;481
43;DjWalkzz;Alan Walker;Music & DanceMovies;42.1M;United States;461800;28200
44;Bad Bunny;Bad Bunny;Music & DanceMovies;41.8M;Mexico;100500000;1800000
45;Like Nastya Show;Like Nastya Show;AnimationToys;41.4M;Other;91300;772
46;A4;A4;AnimationHumor;40.7M;Russia;9400000;443900
47;speedrecordss;Speed Records;Music & Dance;40.6M;India;33100;1400
48;getmovies;Get Movies;Other;40.6M;Other;81400;446
49;ABSCBNOnline;ABS-CBN Entertainment;Other;40.2M;Philippines;1800;27
50;LittleBabyBum;Little Baby Bum - Nursery Rhymes & Kids Songs;AnimationToys;39.3M;Other;123400;380
51;LuisitoComunicaa;Luisito Comunica;Other;39M;Mexico;4300000;139100
52;ShemarooEnt;Shemaroo;Other;38.5M;India;204700;1400
53;MashaMedvedTV;Маша и Медведь;Education;38.4M;Other;1100000;6900
54;TheEllenShow;TheEllenShow;Other;38.4M;United States;19900;537
55;Voot Kids;Voot Kids;MoviesAnimation;38.2M;Other;929500;7700
56;venus;Ishtar Music;Music & Dance;37.6M;India;21800;329
57;luccasneto;LUCCAS NETO - LUCCAS TOON;MoviesAnimation;37.6M;Brazil;416300;11800
58;gr6explode;GR6 EXPLODE;Music & Dance;37.6M;Brazil;76700;4700
59;XXXTENTACION;XXXTENTACION;Music & Dance;37.5M;United States;463400;48900
60;Kimberly Loaiza;Kimberly Loaiza;Daily vlogs;37M;Mexico;7900000;489100
61;shakira;Shakira;Other;36.8M;United States;382100;28800
62;WorkpointOfficial;WorkpointOfficial;Other;36.8M;Thailand;8000;114
63;Toys and Colors;Toys and Colors;MoviesToys;36.4M;Other;2000000;4500
64;shfa;shfa;Daily vlogs;35.7M;France;3100000;53800
65;shfa2 - شفا;shfa2 - شفا;Daily vlogs;35.6M;Other;517200;4900
66;TEDxTalks;TEDx Talks;Other;35.6M;United States;171;5
67;Jkk Entertainment;Jkk Entertainment;Other;35.4M;India;7300000;54000
68;SuperSimpleSongs;Super Simple Songs - Kids Songs;Music & Dance;34.7M;Other;3300000;6900
69;Masha and The Bear;Masha and The Bear;AnimationToys;34.5M;Other;1400000;7300
70;gmmonetv;one31;Other;34.2M;Thailand;6100;109
71;Goldmines Gaane Sune Ansune;Goldmines Gaane Sune Ansune;Music & Dance;33.9M;India;32800;309
72;JbalvinTube;J Balvin;Music & Dance;33.5M;Colombia;2600000;68800
73;Like Nastya ESP;Like Nastya ESP;Other;33.4M;Other;263600;924
74;YouTube;YouTube;Other;33.3M;United States;103900;7300
75;vegetta777;VEGETTA777;Video games;33.2M;Mexico;303700;25900
76;markiplierGAME;Markiplier;AnimationVideo games;33.1M;United States;3200000;167500
77;Total Gaming;Total Gaming;Other;33M;India;1300000;110300
78;abpnewstv;ABP NEWS;News & Politics;32.9M;India;4000;45
79;Maria Clara & JP;Maria Clara & JP;Other;32.8M;Other;3600000;34100
80;Ryan's World;Ryan's World;AnimationToys;32.8M;Other;1100000;4400
81;UltraHindi;Ultra Bollywood;Other;32.8M;India;145100;1200
82;Geet MP3;Geet MP3;Music & Dance;32.7M;India;713300;26600
83;NoCopyrightSounds;NoCopyrightSounds;Music & Dance;32.5M;United States;372400;14600
84;Mikecrack;Mikecrack;MoviesAnimation;32.3M;Mexico;3900000;297000
85;sonypalindia;Sony PAL;Other;32.3M;India;9800;114
86;SSSniperWolf;SSSniperWolf;Humor;32.1M;United States;4400000;114400
87;tseriesapnapunjab;T-Series Apna Punjab;Music & Dance;32.1M;India;24800;906
88;KHANDESHI MOVIES;KHANDESHI MOVIES;Other;31.9M;India;2200000;20800
89;IndiaTV;IndiaTV;News & Politics;31.7M;India;11500;191
90;GENIAL;GENIAL;Animation;31.3M;Mexico;47900;1700
91;cancionesdelagranja;La Granja de Zenón;Music & DanceAnimation;31.3M;Other;459200;2400
92;ARY Digital HD;ARY Digital HD;Other;31.1M;Pakistan;7300;79
93;harpalgeo;HAR PAL GEO;Other;31.1M;Pakistan;3400;27
94;erosentertainment;Eros Now Music;Other;30.9M;India;17700;476
95;Luis Fonsi;Luis Fonsi;Other;30.9M;United States;19200;1500
96;SMTOWN;SMTOWN;Music & Dance;30.7M;United States;312900;38400
97;juptube;Galinha Pintadinha;Music & Dance;30.7M;Other;20900000;71900
98;MrBean;Mr Bean;Other;30.6M;India;178300;3100
99;AllTrapNation;Trap Nation;Music & Dance;30.5M;United States;89300;2400
100;Ricis Official;Ricis Official;Music & DanceMovies;30.3M;Indonesia;542600;31200
101;tseriesoldisgold;Bollywood Classics;Music & Dance;30.3M;India;29600;534
102;rajshri;Rajshri;Other;30.1M;India;11800;110
103;AH;AH;Music & DanceMovies;29.9M;Indonesia;736200;36600
104;latenight;The Tonight Show Starring Jimmy Fallon;MoviesHumor;29.7M;United States;154900;4100
105;DisneyMusicVEVO;DisneyMusicVEVO;Music & DanceMovies;29.7M;United States;34100;661
106;SpinninRec;Spinnin' Records;Music & Dance;29.7M;United States;56500;2100
107;rezendeevil;rezendeevil;MoviesHumor;29.7M;Brazil;304300;32300
108;qzMendShawqz;Shawn Mendes;Other;29.5M;United States;0;N/A'
109;SongsOfIndianCinema;Saregama Music;Music & Dance;29.3M;India;30500;814
110;BabyBus - Kids Songs and Cartoons;BabyBus - Kids Songs and Cartoons;AnimationToys;29.1M;Other;880300;3500
111;xoxxxoooxo;The Weeknd;Music & Dance;28.7M;United States;465000;42600
112;jacksepticeye;jacksepticeye;Video games;28.5M;United States;1800000;117400
113;UltraRecords;Ultra Music;Music & Dance;28.5M;United States;21100;821
114;ImagineDragons;ImagineDragons;Music & Dance;28.3M;United States;311800;19200
115;Jingle Toons;Jingle Toons;Other;28.2M;India;428100;3000
116;WWRBhojpuri;Worldwide Records Bhojpuri;Music & Dance;28.2M;India;55100;1500
117;toyoraljanahtv;قناة طيور الجنة | toyoraljanahtv;Music & Dance;27.9M;Other;95600;N/A'
118;theofficialpeppa;Peppa Pig - Official Channel;Toys;27.9M;Other;974400;4500
119;TheLateLateShow;The Late Late Show with James Corden;AnimationHumor;27.9M;United States;88600;2000
120;TalkingTomCat;Talking Tom;Other;27.9M;United States;174000;3000
121;MrBeast Gaming;MrBeast Gaming;AnimationVideo games;27.9M;United States;7300000;320600
122;Wow Kidz;Wow Kidz;AnimationHumor;27.7M;Other;56800;549
123;Techno Gamerz;Techno Gamerz;Other;27.6M;India;7100000;407400
124;PowerKids;PowerKids;MoviesAnimation;27.5M;India;184600;N/A'
125;Little Angel: Nursery Rhymes & Kids Songs;Little Angel: Nursery Rhymes & Kids Songs;Toys;27.5M;Other;867500;3600
126;GMANETWORK;GMANetwork;Other;27.3M;Philippines;8300;134
127;Karolgmusic;KAROL G;Music & Dance;27.2M;Colombia;129400;12400
128;TheDonato;TheDonato;Other;27.1M;Mexico;324700;36100
129;infobellstamil;infobells - Tamil;Education;26.9M;Other;843000;3700
130;DrakeOfficial;Drake;Music & Dance;26.7M;United States;1900000;33700
131;toypudding;ToypuddingTV;Other;26.7M;India;21800;651
132;zeenews;Zee News;News & Politics;26.4M;India;24900;537
133;MR. INDIAN HACKER;MR. INDIAN HACKER;Other;26.4M;India;3400000;378900
134;taylorgangent;Wiz Khalifa;Music & Dance;26.4M;United States;184400;14600
135;Bounce Patrol - Kids Songs;Bounce Patrol - Kids Songs;Music & Dance;26.2M;Other;202400;1100
136;enchufetv;enchufetv;Other;26.2M;Ecuador;776900;56300
137;infobellstelugu;infobells - Telugu;Education;26.2M;Other;1100000;6500
138;TheDiamondMinecart;DanTDM;Video games;26.2M;United States;1300000;63300
139;Genevieve's Playhouse - Learning Videos for Kids;Genevieve's Playhouse - Learning Videos for Kids;Toys;26.2M;Other;432200;744
140;AboFlah;AboFlah;AnimationVideo games;26M;Iraq;4300000;623800
141;WorldStarHipHopTV;WORLDSTARHIPHOP;Music & Dance;26M;United States;51500;1700
142;adityamusic;Aditya Music;Music & Dance;25.8M;India;36200;1200
143;Vlad và Nikita;Vlad và Nikita;MoviesHumor;25.8M;Other;2800000;13700
144;Diana and Roma ESP;Diana and Roma ESP;Animation;25.8M;Other;1700000;7100
145;VanossGaming;VanossGaming;AnimationVideo games;25.8M;United States;1400000;59000
146;toycantando;toycantando;Music & DanceAnimation;25.6M;Other;135700;621
147;व्लाद और निकिता;व्लाद और निकिता;Other;25.6M;Other;818100;4700
148;LosPolinesios;LosPolinesios;Music & DanceMovies;25.6M;Mexico;1600000;66500
149;1MILLION Dance Studio;1MILLION Dance Studio;Other;25.4M;India;61100;3300
150;xSkyHeLLxx;Renato Garcia;MoviesAnimation;25.4M;Brazil;998900;113700
151;TwiNboTzVids;Lucas and Marcus;AnimationHumor;25.1M;United States;936000;28200
152;smosh;Smosh;MoviesHumor;25M;United States;249500;17300
153;jypentertainment;JYP Entertainment;Music & Dance;25M;United States;1800000;218500
154;nickelodeonjuniorfr;Nick Jr.;AnimationToys;25M;Other;87400;285
155;beyonce;Beyoncé;Music & Dance;24.8M;United States;15400000;561700
156;Jess No Limit;Jess No Limit;MoviesAnimation;24.8M;Indonesia;329100;15100
157;WatchMojo;WatchMojo.com;Movies;24.6M;United States;65200;2100
158;Las Ratitas;Las Ratitas;Other;24.6M;Other;0;N/A'
159;Super JoJo - Nursery Rhymes & Kids Songs;Super JoJo - Nursery Rhymes & Kids Songs;Animation;24.4M;Other;556100;3200
160;davidguettavevo;David Guetta;Music & Dance;24.4M;Brazil;144500;7000
161;LOENENT;1theK (원더케이);Other;24.2M;Indonesia;17600;1500
162;NewOnNetflix;Netflix;MoviesAnimation;24M;United States;370700;12100
163;postmalone;Post Malone;Music & Dance;24M;United States;354800;15400
164;James Charles;James Charles;BeautyFashion;24M;United States;787000;50300
165;Chloe Ting;Chloe Ting;FitnessHealth & Self Help;24M;United States;204200;6300
166;NinjasHyper;Ninja;AnimationVideo games;24M;United States;184200;9800
167;Masha y el Oso;Masha y el Oso;Animation;24M;Other;985000;5600
168;Rans Entertainment;Rans Entertainment;Music & DanceHumor;24M;Indonesia;861600;28800
169;adityacinema;Aditya Movies;Other;24M;India;16300;296
170;Goldmines Dishoom;Goldmines Dishoom;Other;23.9M;Other;32600;312
171;Raffy Tulfo in Action;Raffy Tulfo in Action;News & Politics;23.6M;Philippines;600300;10900
172;Logan Paul;Logan Paul;Video gamesHumor;23.6M;United States;0;N/A'
173;Sandeep Maheshwari;Sandeep Maheshwari;Daily vlogs;23.4M;India;1800000;109800
174;ChrisBrownTV;Chris Brown;Music & Dance;23.4M;United States;794600;28500
175;ColdplayVEVO;Coldplay;Music & Dance;23.4M;United States;43400;3800
176;Troom Troom;Troom Troom;AnimationToys;23.2M;Other;459600;4400
177;DjSnakeTV;DJ Snake;Music & Dance;23.2M;India;639200;34700
178;Diana and Roma HIN;Diana and Roma HIN;Other;23.2M;Other;504900;3200
179;NickyJamTV;NickyJamTV;Music & DanceMovies;23.2M;Colombia;138500;6900
180;TRANS7indonesia;TRANS7 OFFICIAL;Food & Drinks;23.2M;Indonesia;4700;80
181;ABPLIVE;ABPLIVE;News & Politics;23.2M;India;2200;23
182;Mister Max;Mister Max;DIY & Life Hacks;23M;Russia;1700000;45400
183;SesameStreet;Sesame Street;Other;23M;Other;167400;673
184;EnriqueIglesiasPlay;Enrique Iglesias;Music & Dance;22.8M;United States;32500;3200
185;JellyYT;Jelly;Video games;22.8M;United States;194100;9600
186;mildicasdemulher;Erlania e Valentina Pontes;Other;22.6M;Brazil;337100;5400
187;netdmuzikk;netd müzik;Music & Dance;22.6M;Turkey;13800;311
188;DrossRotzank;DrossRotzank;Other;22.6M;Mexico;1600000;116400
189;shemaroomovies;Shemaroo Movies;Other;22.4M;India;219000;1400
190;THECHAINSMOKERS;The Chainsmokers;Humor;22.3M;United States;634700;18900
191;onemeeeliondollars;Mark Rober;Science & Technology;22.2M;United States;13000000;584700
192;Frost Diamond;Frost Diamond;Music & DanceVideo games;22.2M;Indonesia;685400;35000
193;Technical Guruji;Technical Guruji;Other;22.2M;India;87100;6500
194;Goldmines Bollywood;Goldmines Bollywood;Other;22M;India;21900;131
195;gmmgrammyofficial;GMM GRAMMY OFFICIAL;Music & Dance;22M;Thailand;3200;63
196;Miss Katy;Miss Katy;Video games;22M;Russia;1700000;25400
197;Smile Family;Smile Family;MoviesToys;22M;Other;379500;2300
198;mmoshaya;mmoshaya;;22M;Saudi Arabia;2400000;40400
199;Like Nastya AE;Like Nastya AE;;22M;Other;477500;3500
200;WB Kids;WB Kids;MoviesAnimation;22M;Other;50300;591
201;The Lallantop;The Lallantop;News & Politics;21.8M;India;31500;717
202;Crazy XYZ;Crazy XYZ;;21.8M;India;2800000;257800
203;VenusMovies;Venus Movies;;21.8M;India;69700;639
204;HumNetwork;HUM TV;;21.6M;Pakistan;2200;16
205;WHBBP;White Hill Music;Music & Dance;21.6M;India;28400;1000
206;Paulo Londra;Paulo Londra;Music & Dance;21.6M;Argentina;13400000;982900
207;TEDtalksDirector;TED;;21.6M;United States;46000;1300
208;siavideos;Sia;Music & Dance;21.6M;United States;79300;6900
209;AmericasGotTalent;America's Got Talent;Music & DanceMovies;21.4M;United States;1200000;19100
210;Diana and Roma ARA;Diana and Roma ARA;;21.4M;Other;1600000;10300
211;oRugrat;FaZe Rug;Video gamesHumor;21.4M;United States;3300000;112500
212;PeppaLatinoAmericano;Peppa Pig Español Latino - Canal Oficial;Toys;21.3M;Other;766700;4800
213;hamaarbhojiwood;Wave Music Bhojpuri;Music & Dance;21.2M;India;11400;201
214;goldmineshindi;Goldmines Movies;;21.1M;India;7900;70
215;PenIndiaPvtLimited;Pen Movies;MoviesAnimation;21M;India;55700;1900
216;Tasty;Tasty;Food & Drinks;21M;United States;245700;8700
217;BabyBus - Canciones Infantiles & Cuentos;BabyBus - Canciones Infantiles & Cuentos;MoviesAnimation;21M;Other;124600;574
218;5-Minute Crafts DIY;5-Minute Crafts DIY;Music & DanceHumor;20.9M;India;22700;403
219;SSundee;SSundee;Video games;20.9M;United States;2000000;103800
220;FGTeeV;FGTeeV;AnimationVideo games;20.8M;United States;1400000;17400
221;Baim Paula;Baim Paula;Music & DanceMovies;20.8M;Indonesia;912900;38300
222;CanalCanalha;Canal Canalha;Sports;20.8M;Brazil;1300000;201700
223;Juan De Dios Pantoja;Juan De Dios Pantoja;Daily vlogs;20.8M;Mexico;4300000;286400
224;Like Nastya PRT;Like Nastya PRT;;20.6M;Other;418000;2100
225;PrestonPlayz;Preston;AnimationVideo games;20.6M;United States;4000000;88100
226;JakePaulProductions;Jake Paul;Fitness;20.4M;United States;1200000;63600
227;CharliesVlogs;Charlie Puth;Music & Dance;20.4M;United States;92300000;5800000
228;Goldmines Cineplex;Goldmines Cineplex;;20.4M;India;7900;103
229;BuzzFeedVideo;BuzzFeedVideo;Food & Drinks;20.4M;United States;27100;747
230;DisneyChannelLA;Disney Latinoamérica;;20.4M;Other;28900;282
231;Kids TV - Nursery Rhymes And Baby Songs;Kids TV - Nursery Rhymes And Baby Songs;Toys;20.4M;Other;119100;435
232;BeckyGOfficial;Becky G;Music & Dance;20.4M;United States;55800;3000
233;TheEnaldinhO;Enaldinho;Movies;20.4M;Brazil;478600;31500
234;Brave Wilderness;Brave Wilderness;;20.2M;United States;1400000;51800
235;NationalGeographic;National Geographic;;20.2M;United States;46500;1200
236;TheFineBros;REACT;Humor;20.2M;United States;138800;5700
237;AuthenticGames;AuthenticGames;MoviesVideo games;20.2M;Brazil;31900;3400
238;LazarBeam;LazarBeam;AnimationVideo games;20.1M;United States;3400000;143500
239;VEVO;Vevo;Music & Dance;20M;United States;5400;224
240;MrBeast en Español;MrBeast en Español;;20M;Mexico;11500000;463400
241;SlivkiChanel;SlivkiShow;Video games;20M;Russia;2100000;167500
242;5-Minute Crafts PLAY;5-Minute Crafts PLAY;;20M;India;29500;252
243;starplus;StarPlus;;20M;India;237200;4600
244;HaerteTest;HaerteTest;;20M;India;65500;567
245;Brent Rivera;Brent Rivera;Video gamesHumor;19.9M;United States;7500000;531900
246;rossbollinger;Pencilmation;AnimationHumor;19.8M;United States;497300;5900
247;Mnet;Mnet K-POP;Music & DanceAnimation;19.8M;United States;17300;1700
248;RotanaAudio;Rotana;Music & Dance;19.8M;Saudi Arabia;331700;2400
249;UltraMovieParlour;Ultra Movie Parlour;;19.7M;India;84900;808
250;GooodLifeFilms;Lyrical Lemonade;;19.6M;United States;2900000;242300
251;D Billions;D Billions;;19.6M;Other;1100000;1500
252;Noor Stars;Noor Stars;MoviesHumor;19.4M;Iraq;1400000;118200
253;toyorbabytv;toyorbabytv;Music & Dance;19.4M;Other;94900;N/A'
254;TelenovelaTelevisa;Tlnovelas;;19.4M;Mexico;4200;134
255;shfa show India;shfa show India;Daily vlogs;19.4M;Other;1700000;13000
256;Vlad and Niki Arabic;Vlad and Niki Arabic;;19.4M;Other;1300000;8100
257;gottalentglobal;Got Talent Global;;19.4M;United States;132900;2100
258;MrVivekBindra;Dr. Vivek Bindra: Motivational Speaker;Education;19.4M;India;399500;22100
259;romeo;Romeo Santos;Music & Dance;19.3M;United States;429800;11300
260;MARVEL;Marvel Entertainment;MoviesAnimation;19.2M;United States;246900;13800
261;gordonramsay;Gordon Ramsay;Food & DrinksHealth & Self Help;19.2M;United States;154600;4700
262;Infinite;Infinite;Video gamesHumor;19.2M;United States;1700000;55700
263;Troom Troom Es;Troom Troom Es;;19.2M;Mexico;139400;2600
264;Gusttavo Lima Oficial;Gusttavo Lima Oficial;Music & Dance;19.2M;Brazil;0;N/A'
265;gmapublicaffairs;GMA Public Affairs;News & Politics;19.2M;Philippines;7400;101
266;DLS News;DLS News;News & Politics;19M;India;69700;2300
267;fatosdesconhecidos;Fatos Desconhecidos;Science & Technology;19M;Brazil;167100;15500
268;Crafty Panda;Crafty Panda;Music & Dance;19M;India;64900;535
269;RobinHoodGamer1;Robin Hood Gamer;AnimationVideo games;19M;Brazil;961400;77600
270;corbuzierprediction;Deddy Corbuzier;;19M;Indonesia;3200000;73300
271;NBA;NBA;Sports;19M;United States;76600;3000
272;LankyBox;LankyBox;Video games;19M;United States;708600;11000
273;Kinder Spielzeug Kanal;Kinder Spielzeug Kanal;AnimationToys;19M;Other;245400;1300
274;★ Kids Roma Show;★ Kids Roma Show;AnimationToys;18.8M;Other;860800;4900
275;The ACE Family;The ACE Family;Humor;18.8M;United States;1200000;46900
276;OfficialClashOfClans;Clash of Clans;MoviesAnimation;18.8M;United States;3800000;78200
277;JimmyKimmelLive;Jimmy Kimmel Live;Movies;18.8M;United States;139700;3800
278;Kurzgesagt;Kurzgesagt – In a Nutshell;Education;18.8M;United States;4900000;340400
279;Eva Bravo Play;Eva Bravo Play;;18.7M;Other;414700;2800
280;Lil Nas X;Lil Nas X;Music & Dance;18.6M;United States;334500;25600
281;BritainsGotTalent09;Britain's Got Talent;Music & DanceMovies;18.6M;United Kingdom;80400;1600
282;TheWillyrex;TheWillyrex;;18.6M;Spain;41500;2300
283;TRT Originals Urdu;TRT Originals Urdu;;18.6M;Pakistan;301400;13300
284;greengoldtv;Green Gold TV - Official Channel;;18.4M;Other;442400;3600
285;Netflix India;Netflix India;;18.4M;India;150400;4000
286;icreateddisco;Calvin Harris;Music & Dance;18.4M;United States;473800;16500
287;Cardi B;Cardi B;Music & Dance;18.4M;United States;517400;28600
288;Sun TV;Sun TV;;18.4M;India;178200;3000
289;sonotekvideo;Sonotek;Music & Dance;18.2M;India;122700;543
290;PinkPanther;Official Pink Panther;MoviesAnimation;18.2M;Other;674600;4900
291;Unbox Therapy;Unbox Therapy;Science & Technology;18.2M;United States;1100000;8400
292;Ninja Kidz TV;Ninja Kidz TV;Video games;18.2M;United States;793900;18800
293;HiMan;HiMan;Video games;18.2M;Russia;3200000;166700
294;CookieSwirlC;CookieSwirlC;Video games;18.2M;United States;510500;3800
295;turmadamonicaTV;Turma da Mônica;;18.2M;Other;110300;1100
296;kbsworld;KBS WORLD TV;;18.2M;Indonesia;8500;264
297;Beast Reacts;Beast Reacts;;18.1M;United States;10800000;326600
298;INCRÍVEL;INCRÍVEL;Animation;18M;Other;23200;1100
299;MiawAug;MiawAug;Video games;18M;Indonesia;889600;39800
300;PDKFilms;PDK Films;MoviesAnimation;18M;United States;1700000;35900
301;Мирошка ТВ;Мирошка ТВ;;18M;United States;14600;81
302;DanielSaboya;Dan-Sa / Daniel Saboya;Music & DanceAnimation;18M;Brazil;42400;1600
303;GEN HALILINTAR;GEN HALILINTAR;Music & DanceHumor;18M;Indonesia;983200;26400
304;TheOdd1sOut;TheOdd1sOut;MoviesAnimation;18M;United States;6000000;404500
305;BabyBus - Cerita & Lagu Anak-anak;BabyBus - Cerita & Lagu Anak-anak;MoviesHumor;18M;Other;292700;1400
306;ElTrollino;ElTrollino;AnimationVideo games;18M;Mexico;3000000;95600
307;Lele Pons;Lele Pons;MoviesHumor;17.8M;United States;38100;2000
308;farrukotv;Farruko;Music & Dance;17.8M;United States;92900;7000
309;Emiway Bantai;Emiway Bantai;Music & Dance;17.8M;India;6200000;499500
310;therealdemilovato;Demi Lovato;Music & Dance;17.8M;United States;55700;6900
311;invictorgs3;invictor;AnimationVideo games;17.8M;Mexico;1300000;56700
312;The Royalty Family;The Royalty Family;Humor;17.8M;United States;3400000;110700
313;Matroix;Ali-A;Video games;17.8M;United States;625600;23500
314;rhettandlink2;Good Mythical Morning;Food & Drinks;17.8M;United States;1100000;34200
315;Naisa Alifia Yuriza (N.A.Y);Naisa Alifia Yuriza (N.A.Y);Music & DanceMovies;17.8M;Indonesia;802900;33700
316;Lil Pump;Lil Pump;Music & Dance;17.8M;United States;770600;41300
317;Like Nastya Vlog;Like Nastya Vlog;Daily vlogs;17.8M;Other;497600;2200
318;TheElenaYa;Diana and Roma EN;AnimationToys;17.8M;Other;474000;2400
319;A_S Gaming;A_S Gaming;;17.7M;India;501900;46400
320;dj47maryn;Marmok;AnimationVideo games;17.6M;Russia;3500000;335700
321;Vania Mania Kids;Vania Mania Kids;AnimationToys;17.6M;Other;722800;1900
322;TheGrefg;TheGrefg;AnimationVideo games;17.6M;Spain;1200000;101600
323;SCTVIndonesia;SCTV;Music & DanceMovies;17.6M;Indonesia;13400;293
324;SockeyeMedia;Mother Goose Club Playhouse;Music & Dance;17.6M;Other;76600;164
325;FactTechz;FactTechz;;17.5M;India;662600;55900
326;rsiammusic;RsiamMusic : อาร์สยาม;Music & Dance;17.5M;Thailand;9200;216
327;Heidi & Zidane बच्चों की कहानियाँ;Heidi & Zidane बच्चों की कहानियाँ;Daily vlogs;17.5M;Other;253500;1200
328;Little Angel Español - Canciones Infantiles;Little Angel Español - Canciones Infantiles;Animation;17.5M;Other;624200;3700
329;ThePoznavatel;Познаватель;ToysDIY & Life Hacks;17.5M;Russia;3800000;57700
330;Stubborn Facts;Stubborn Facts;;17.3M;India;44900;2500
331;portadosfundos;Porta dos Fundos;MoviesAnimation;17.3M;Brazil;745700;78600
332;SebastianYatra;Sebastián Yatra;Music & Dance;17.3M;Colombia;16700;1300
333;RobleisIUTU;RobleisIUTU;MoviesAnimation;17.3M;Argentina;935600;55000
334;Vlad and Niki IDN;Vlad and Niki IDN;Music & DanceMovies;17.3M;Other;745400;1800
335;officialpsy;officialpsy;Music & Dance;17.3M;United States;282000;14400
336;etvteluguindia;etvteluguindia;;17.2M;India;13400;148
337;Village Cooking Channel;Village Cooking Channel;;17.2M;India;3900000;172300
338;aMOODIEsqueezie;SQUEEZIE;;17.1M;France;5900000;476000
339;Willyrex;Willyrex;Video games;17.1M;Mexico;142800;8900
340;TEDEducation;TED-Ed;Science & Technology;17.1M;United States;338600;15100
341;STARVIJAY;Vijay Television;;17.1M;India;307400;6300
342;Masha e o Urso;Masha e o Urso;;17.1M;Other;589500;3800
343;Gaby and Alex;Gaby and Alex;Toys;17.1M;Other;310100;382
344;HowToBasic;HowToBasic;Food & Drinks;17.1M;United States;679800;45900
345;grammygoldofficia;Grammy Gold Official;Music & Dance;17.1M;Thailand;15300;540
346;Kids Channel India - Hindi Rhymes and Baby Songs;Kids Channel India - Hindi Rhymes and Baby Songs;Education;17.1M;Other;105200;824
347;SUPER SLICK SLIME SAM;SUPER SLICK SLIME SAM;;16.9M;Mexico;367200;9900
348;aynakoitsroi;Guava Juice;;16.9M;United States;201700;3800
349;musicalrmastv;الـريماس - Al-Remas;Music & Dance;16.9M;Iraq;196300;4600
350;Kiddiestv Hindi - Nursery Rhymes & Kids Songs;Kiddiestv Hindi - Nursery Rhymes & Kids Songs;Education;16.9M;Other;36100;211
351;ArabGamesNetwork;شبكة العاب العرب | Arab Games Network;;16.9M;Algeria;289000;24800
352;JasonDerulo;Jason Derulo;Music & Dance;16.8M;United States;51300;3400
353;IGNentertainment;IGN;;16.7M;United States;58100;1400
354;Rafa & Luiz;Rafa & Luiz;Video games;16.7M;Brazil;553000;34500
355;Tu COSMOPOLIS;Tu COSMOPOLIS;News & Politics;16.7M;Mexico;99100;7600
356;Jane ASMR 제인;Jane ASMR 제인;Daily vlogs;16.7M;United States;381000;7000
357;हिंदी - Genevieve's Playhouse;हिंदी - Genevieve's Playhouse;Education;16.7M;Other;2000000;16200
358;jquintanac5;DeToxoMoroxo;MoviesAnimation;16.7M;Mexico;480300;19700
359;AnittaOficial;Anitta;Music & Dance;16.7M;Brazil;36000;3600
360;Triggered Insaan;Triggered Insaan;Humor;16.5M;India;7000000;759000
361;TheBrianMaps;TheBrianMaps;Video gamesHumor;16.5M;Russia;3200000;255400
362;iberethenorio;Manual do Mundo;Science & Technology;16.4M;Brazil;375800;44600
363;IDEAS EN 5 MINUTOS;IDEAS EN 5 MINUTOS;;16.4M;Mexico;32900;369
364;Junya Official Channel;Junya Official Channel;;16.4M;Japan;399000;2300
365;monstafluffmusicTV;7clouds;Music & Dance;16.3M;United States;131500;2400
366;zbingzbing;zbing z.;AnimationVideo games;16.3M;Thailand;608100;18700
367;DUDU e CAROL;DUDU e CAROL;;16.3M;Brazil;1400000;153500
368;ppextras;ExtraPolinesios;Daily vlogs;16.3M;Mexico;54200;4300
369;SonyMusicSouthVEVO;SonyMusicSouthVEVO;Music & Dance;16.3M;Other;714900;17200
370;Antrax;Antrax;Video games;16.1M;Mexico;1600000;95200
371;tanboy kun;tanboy kun;Music & Dance;16.1M;Indonesia;1700000;57500
372;Prajapati News;Prajapati News;;16.1M;India;30100;1500
373;Sandra Cires Art;Sandra Cires Art;;16.1M;Colombia;1100000;69700
374;queenofficial;Queen Official;Music & DanceMovies;16.1M;United States;167100;9200
375;Dhar Mann;Dhar Mann;Health & Self Help;16.1M;United States;5900000;121400
376;SOMOY TV;SOMOY TV;Daily vlogs;16.1M;Bangladesh;7700;163
377;Goldmines Great Indian Comedy;Goldmines Great Indian Comedy;;16.1M;India;11200;113
378;lescopaque;Les' Copaque Production;;16.1M;Indonesia;27900;400
379;MatthewPatrick13;The Game Theorists;Science & Technology;16M;United States;1900000;113100
380;Camila Cabello;Camila Cabello;Music & DanceMovies;15.9M;United States;323800;19700
381;TRANSTVofficial;TRANS TV Official;Music & Dance;15.9M;Indonesia;970;13
382;Sourav Joshi Vlogs;Sourav Joshi Vlogs;Daily vlogs;15.9M;India;5600000;524100
383;Blippi - Educational Videos for Kids;Blippi - Educational Videos for Kids;EducationToys;15.9M;Other;1600000;5100
384;DopeLyrics;DopeLyrics;Music & Dance;15.9M;United States;12400;408
385;boyceavenue;Boyce Avenue;Music & Dance;15.9M;Brazil;209900;5900
386;failarmy;FailArmy;AnimationHumor;15.9M;United States;2100000;19600
387;Aayu and Pihu Show;Aayu and Pihu Show;MoviesHumor;15.9M;India;3800000;91500
388;Apple;Apple;Music & DanceAnimation;15.9M;Other;2500000;20100
389;marquesbrownlee;Marques Brownlee;Science & Technology;15.9M;United States;2000000;93700
390;vice;VICE;News & Politics;15.9M;United States;409700;7800
391;El Reino a Jugar;El Reino a Jugar;EducationToys;15.9M;Other;509800;1700
392;Kaykai Salaider;Kaykai Salaider;MoviesHumor;15.9M;Thailand;1000000;62100
393;Kids Play;Kids Play;;15.9M;Other;57700;442
394;Sony AATH;Sony AATH;;15.7M;Bangladesh;93900;1200
395;rkddigital;RKD Studios;;15.7M;India;62300;914
396;movieclipsTRAILERS;Movieclips Trailers;MoviesAnimation;15.7M;United States;61200;1000
397;JenniferLopez;Jennifer Lopez;Music & DanceMovies;15.7M;Other;304000;11100
398;MegatoadStonie;Matt Stonie;Food & Drinks;15.7M;United States;2100000;122500
399;Zappy Toons - Hindi Nursery Rhymes and Stories;Zappy Toons - Hindi Nursery Rhymes and Stories;Education;15.7M;Other;131100;707
400;PitbullMusic;Pitbull;Music & Dance;15.7M;United States;82900;4100
401;Ivana Alawi;Ivana Alawi;Daily vlogs;15.7M;Philippines;4300000;203800
402;indiancomedy;Shemaroo Comedy;;15.7M;India;72600;781
403;AMARINTV : อมรินทร์ทีวี;AMARINTV : อมรินทร์ทีวี;News & Politics;15.7M;Thailand;9300;118
404;Jason Vlogs;Jason Vlogs;AnimationToys;15.7M;Other;484300;1300
405;Sidemen;Sidemen;Video gamesHumor;15.6M;United Kingdom;7900000;366100
406;Katie Angel;Katie Angel;;15.6M;Mexico;708600;65300
407;Dyland PROS;Dyland PROS;MoviesAnimation;15.5M;Indonesia;65300;4100
408;popchartbusters;Pop Chartbusters;Music & Dance;15.5M;India;11900;422
409;RomanAtwoodVlogs;Roman Atwood Vlogs;MoviesHumor;15.5M;United States;384900;19100
410;AdMe;AdMe;Animation;15.5M;Russia;32700;1200
411;Fede Vigevani;Fede Vigevani;;15.5M;Mexico;3600000;258500
412;KSIOlajidebtHD;JJ Olatunji;;15.5M;United States;5400000;401100
413;OGatoGalactico;Gato Galactico | GALÁXIA;Animation;15.4M;Brazil;90800;4000
414;Sidhu Moose Wala;Sidhu Moose Wala;Music & Dance;15.4M;India;33800000;3500000
415;portalfitdance;FitDance;Music & Dance;15.3M;Other;30800;993
416;wifistudy;wifistudy;Education;15.3M;India;7700;533
417;Oyuncak Avı;Oyuncak Avı;;15.3M;Other;55200;N/A'
418;Dushyant kukreja;Dushyant kukreja;;15.3M;India;6500000;426500
419;RCTI - LAYAR DRAMA INDONESIA;RCTI - LAYAR DRAMA INDONESIA;Music & DanceMovies;15.3M;Indonesia;24700;394
420;CamiloMusicaVideo;Camilo;Music & Dance;15.3M;Colombia;161700;9000
421;News24page;News24;News & Politics;15.3M;India;6900;106
422;Kerajinan 5-Menit;Kerajinan 5-Menit;Music & Dance;15.1M;Indonesia;21800;212
423;TheRichest;TheRichest;News & Politics;15.1M;United States;21300;813
424;LOKESH GAMER;LOKESH GAMER;;15.1M;India;510200;53500
425;SAM SMITH;SAM SMITH;;15.1M;United States;24500;2800
426;SriBalajiMovies;SriBalajiMovies;;15.1M;India;8100;74
427;With Kids[위드키즈];With Kids[위드키즈];;15.1M;United States;172400;N/A'
428;T3DDYgames;T3ddy;Daily vlogs;15.1M;Brazil;854500;92500
429;حِرف إبداعية في 5 دقائق;حِرف إبداعية في 5 دقائق;;15.1M;Egypt;37800;483
430;Smile Family Spanish;Smile Family Spanish;Animation;15.1M;Other;431900;3000
431;ntvru;НТВ;News & Politics;15M;Russia;82300;901
432;makeuplocalypse;Mariale;;15M;Mexico;226000;10700
433;ranziscool;Ranz Kyle;Humor;14.9M;Philippines;647500;25700
434;TalkingFriends;Talking Tom & Friends;AnimationHumor;14.9M;United States;386500;3100
435;5-Minute Crafts FAMILY;5-Minute Crafts FAMILY;;14.9M;United States;21700;232
436;popskids;POPS Kids;Animation;14.9M;Indonesia;2300;15
437;Makiman131;Makiman131;MoviesAnimation;14.9M;Spain;330900;21400
438;Like Nastya IDN;Like Nastya IDN;Music & DanceMovies;14.9M;Other;111200;N/A'
439;kwebbelkop;Kwebbelkop;AnimationVideo games;14.9M;United States;99800;2600
440;bbtvch7;Ch7HD;;14.9M;Thailand;10600;181
441;newvolgavideo;Volga Video;;14.9M;India;3900;33
442;hejproducao;Henrique e Juliano;Music & Dance;14.9M;Brazil;60800;2700
443;RiotGamesInc;League of Legends;MoviesAnimation;14.9M;United States;539100;24600
444;Super Senya;Super Senya;AnimationToys;14.9M;Other;13800;104
445;LEGO;LEGO;Animation;14.9M;United States;25900;433
446;Dave and Ava - Nursery Rhymes and Baby Songs;Dave and Ava - Nursery Rhymes and Baby Songs;Education;14.9M;Other;269000;1100
447;Lachlan;Lachlan;Video games;14.9M;United States;667300;27900
448;La Rosa de Guadalupe;La Rosa de Guadalupe;;14.7M;Mexico;17700;446
449;Niana Guerrero;Niana Guerrero;Music & DanceHumor;14.7M;Philippines;478200;18900
450;IDEIAS INCRÍVEIS;IDEIAS INCRÍVEIS;;14.7M;Brazil;14800;303
451;zncoficial;Zé Neto e Cristiano;;14.7M;Brazil;0;N/A'
452;laharimusic;Lahari Music | T-Series;Music & Dance;14.7M;India;11400;301
453;Like Nastya VNM;Like Nastya VNM;;14.7M;Other;484600;N/A'
454;LinusTechTips;Linus Tech Tips;Science & Technology;14.7M;United States;1400000;60800
455;iTownGamePlay;iTownGamePlay *Terror&Diversión*;News & Politics;14.7M;Mexico;342200;11800
456;GMMTVSPOTLIKE;GMMTV OFFICIAL​​;Music & DanceMovies;14.7M;Thailand;26300;631
457;majorlazer;Major Lazer Official;Music & DanceMovies;14.7M;United States;0;N/A'
458;mkmusicnews;MK MUSIC;Music & Dance;14.7M;Brazil;27000;1300
459;LEGENDA FUNK;LEGENDA FUNK;Music & DanceAnimation;14.7M;Brazil;7000;371
460;Planeta das Gêmeas;Planeta das Gêmeas;Toys;14.7M;Other;415300;20600
461;Alejo Igoa;Alejo Igoa;DIY & Life Hacks;14.6M;Argentina;7500000;173500
462;XpressTV;XpressTV;Science & Technology;14.5M;Mexico;1900000;50200
463;حقائق وأسرار;حقائق وأسرار;;14.5M;Egypt;35000;1300
464;Daftar Populer;Daftar Populer;News & Politics;14.5M;Indonesia;96600;2300
465;ndtvindia;NDTV India;News & Politics;14.5M;India;18700;477
466;FueledByRamen;Fueled By Ramen;;14.5M;United States;575500;17800
467;Bizarrap;Bizarrap;Music & DanceMovies;14.5M;Argentina;0;N/A'
468;Maha Fun Tv;Maha Fun Tv;;14.5M;India;0;N/A'
469;MattyBRaps;MattyBRaps;Music & DanceMovies;14.5M;United States;1600000;7800
470;jemproducoes;Jorge & Mateus Oficial;Music & Dance;14.5M;Brazil;32900;3600
471;Drawblogs;Drawblogs;MoviesAnimation;14.5M;Mexico;160600;3900
472;collegehumor;CollegeHumor;MoviesHumor;14.5M;United States;628700;35100
473;Canal Nostalgia;Canal Nostalgia;Science & Technology;14.5M;Other;358500;98500
474;MonsieurDream;Cyprien;MoviesAnimation;14.5M;France;2300000;215000
475;chadwildclay;Chad Wild Clay;MoviesHumor;14.5M;United States;2100000;40700
476;theslowmoguys;The Slow Mo Guys;;14.5M;United States;1200000;62200
477;Mobile Legends: Bang Bang Official;Mobile Legends: Bang Bang Official;MoviesAnimation;14.5M;Indonesia;177100;2500
478;Super Polina;Super Polina;;14.5M;Russia;9100;74
479;bbchindi;BBC News Hindi;News & Politics;14.4M;India;162200;N/A'
480;Johny FamilyShow;Johny FamilyShow;Music & DanceToys;14.3M;Other;78200;341
481;Arif muhammad;Arif muhammad;Music & DanceMovies;14.3M;Indonesia;2900000;83900
482;thairathonline;Thairath Online;News & Politics;14.3M;Thailand;17100;219
483;News18 India;News18 India;News & Politics;14.3M;India;6000;82
484;MartinGarrix;Martin Garrix;Music & Dance;14.3M;United States;46400;1800
485;alanalan9635;Stokes Twins;Video gamesHumor;14.3M;United States;13700000;567400
486;BollywoodClassics;Bollywood Classics;Music & Dance;14.3M;India;10800;182
487;And TV;And TV;;14.3M;India;895;21
488;TeamFilmsBhojpuri;Team Films Bhojpuri;Music & DanceMovies;14.3M;India;21200;476
489;elcanaldePlimPlim;Plim Plim - Kids Songs & Episodes - Spanish;Music & Dance;14.3M;Other;399900;3700
490;MrBeast Shorts;MrBeast Shorts;Daily vlogs;14.3M;United States;11400000;836500
491;Genierock;Genierock;Music & Dance;14.3M;Thailand;51200;918
492;PlayStation;PlayStation;;14.3M;United States;35400;1100
493;Gyan Gamingㅤ;Gyan Gamingㅤ;;14.3M;India;390300;42400
494;OfficialTrapCity;Trap City;Music & Dance;14.3M;United States;31700;1700
495;narendramodionline;NMF News;News & Politics;14.3M;India;14800;325
496;Technoblade;Technoblade;Video games;14.2M;United States;67500000;7600000
497;Zach King;Zach King;MoviesHumor;14.1M;United States;475900;29000
498;MRamadanOfficial;Mohamed Ramadan I محمد رمضان;;14.1M;Egypt;18900000;130700
499;Dangal TV Channel;Dangal TV Channel;;14.1M;India;43200;354
500;TWICE;TWICE;Music & DanceMovies;14.1M;Philippines;1200000;95500
501;#Refugio Mental;#Refugio Mental;Movies;14.1M;Argentina;527600;5700
502;inventonahoratv;Invento na Hora;AnimationHumor;14.1M;Brazil;1100000;134300
503;camilaloures;Camila Loures;MoviesHumor;14.1M;Brazil;304900;24800
504;Wow Kidz Action;Wow Kidz Action;;14.1M;Other;117500;1200
505;pognalishow;Дима Масленников;Video games;14.1M;Russia;4500000;402000
506;CH8vdo;ช่อง8 : Thai Ch8;;14.1M;Thailand;5800;81
507;CNN;CNN;Music & DanceAnimation;14.1M;United States;203600;3300
508;F2Freestylers;F2Freestylers - Ultimate Soccer Skills Channel;Sports;14.1M;United Kingdom;425400;17000
509;MasterskayaNastroeny;Мастерская Настроения;MoviesVideo games;14.1M;Russia;323500;8100
510;Zach Choi ASMR;Zach Choi ASMR;Daily vlogs;14.1M;United States;840600;34900
511;Anasala I أنس و أصالة;Anasala I أنس و أصالة;;14.1M;Egypt;2600000;186400
512;TheABSCBNNews;ABS-CBN News;News & Politics;13.9M;Philippines;4300;44
513;Daily Dose Of Internet;Daily Dose Of Internet;Animals & Pets;13.9M;United States;5900000;273800
514;Unspeakable;Unspeakable;Video gamesHumor;13.9M;United States;6500000;86400
515;zeefilmimusic;Zee Music Classic;Music & Dance;13.9M;India;45300;599
516;Doc Tops;Doc Tops;Animation;13.9M;Mexico;793500;36300
517;AM3NlC;AM3NlC;Food & Drinks;13.9M;Brazil;210200;24600
518;NikkieTutorials;NikkieTutorials;Design/artBeauty;13.9M;United States;347700;23000
519;O Canal do Joãozinho - Little Angel Português;O Canal do Joãozinho - Little Angel Português;Animation;13.9M;Other;834100;4600
520;bomberball;Bie The Ska;;13.9M;Thailand;779400;23700
521;DM - Desi Melodies;DM - Desi Melodies;Music & Dance;13.9M;India;316100;5700
522;UFC;UFC - Ultimate Fighting Championship;Sports;13.9M;United States;106700;2400
523;A2 Motivation by {Arvind Arora};A2 Motivation by {Arvind Arora};;13.9M;India;407000;47800
524;mispastelitosyoutub;Mis Pastelitos;Food & Drinks;13.9M;Mexico;1200000;35000
525;Трум Трум;Трум Трум;HumorToys;13.9M;Other;468200;6000
526;Fun For Kids TV - Hindi Rhymes;Fun For Kids TV - Hindi Rhymes;;13.8M;Other;239600;1400
527;YOLO AVENTURAS;YOLO AVENTURAS;;13.8M;Colombia;1500000;109800
528;Kuplinov ► Play;Kuplinov ► Play;Video games;13.7M;Russia;1900000;147500
529;ChallengeAcceptedInc;Aphmau;AnimationVideo games;13.7M;United States;3600000;76900
530;dangmattsmith;Dang Matt Smith;AnimationHumor;13.7M;Other;219000;6500
531;WWWengie;Wengie;DIY & Life Hacks;13.7M;United States;67000;3800
532;EdisonPts;EdisonPts;Video games;13.7M;Russia;1800000;130400
533;vetealaversha;Darkar Company Studios;AnimationVideo games;13.7M;Mexico;0;N/A'
534;Taarak Mehta Ka Ooltah Chashmah;Taarak Mehta Ka Ooltah Chashmah;;13.7M;India;491900;6500
535;MAIKI021;MAIKI021;MoviesAnimation;13.7M;Brazil;19600;3300
536;Blippi Español;Blippi Español;ToysEducation;13.7M;Other;370600;1800
537;LIV Crime;LIV Crime;Daily vlogs;13.7M;India;316700;3100
538;NOBRU;NOBRU;Video gamesToys;13.7M;Brazil;359700;40000
539;RosannaPansino;Rosanna Pansino;DIY & Life Hacks;13.7M;United States;1500000;28900
540;TazerCraft;TazerCraft;MoviesAnimation;13.7M;Brazil;451200;33300
541;Auron;Auron;Video games;13.7M;Mexico;1600000;107500
542;MNCTVOfficial;MNCTV OFFICIAL;Music & Dance;13.7M;Indonesia;5500;119
543;fcbarcelona;FC Barcelona;Sports;13.5M;United States;130700;9700
544;The World Adventures हिन्दी;The World Adventures हिन्दी;Daily vlogs;13.5M;Other;24800;1300
545;Hongyu ASMR 홍유;Hongyu ASMR 홍유;ASMR;13.5M;United States;1700000;17600
546;MazhavilManorama;Mazhavil Manorama;;13.5M;India;19600;248
547;crashcourse;CrashCourse;Science & Technology;13.5M;United States;27600;1300
548;gmmchannel;GMM25Thailand;;13.5M;Thailand;2900;36
549;Dan Rhodes;Dan Rhodes;AnimationToys;13.5M;India;544700;54700
550;infobells;infobells;AnimationToys;13.5M;Other;17100;103
551;Kurt Hugo Schneider;Kurt Hugo Schneider;;13.5M;United States;369600;2000
552;Zig & Sharko;Zig & Sharko;;13.5M;Other;208000;1600
553;SrtaLynaV;Lyna;MoviesAnimation;13.5M;Mexico;405600;28600
554;boplayhard;PlayHard;;13.5M;Brazil;479900;50100
555;AzzyLand;AzzyLand;Animation;13.4M;United States;210700;7500
556;Online Job;Online Job;;13.3M;India;7100;310
557;ZEE5;ZEE5;;13.3M;India;1500;21
558;H2ODelirious;H2ODelirious;AnimationVideo games;13.3M;United States;137800;8300
559;GallinaPintadita;Gallina Pintadita;Animation;13.3M;Other;870500;3100
560;Aadishakti Films;Aadishakti Films;Music & Dance;13.3M;Other;35400;900
561;Narins Beauty;Narins Beauty;;13.3M;Iraq;2400000;202300
562;FAPtivi;FAPTV;AnimationHumor;13.3M;United States;1400000;20700
563;Kim Loaiza;Kim Loaiza;Music & Dance;13.3M;Mexico;19000000;979100
564;TV Ana Emilia;TV Ana Emilia;;13.3M;Mexico;194200;11000
565;telemundotv;Telemundo;;13.3M;Argentina;5100;72
566;ABCNews;ABC News;News & Politics;13.3M;United States;6500;86
567;5-Minute Crafts Recycle;5-Minute Crafts Recycle;;13.3M;India;56500;476
568;AtlanticVideos;Atlantic Records;Music & Dance;13.3M;United States;0;N/A'
569;MyMissAnand;MyMissAnand;MoviesHumor;13.3M;India;2300000;73100
570;MY FAMILY;MY FAMILY;;13.3M;India;9400000;41700
571;iloveindianmakeup;Anaysa;MoviesHumor;13.3M;India;535100;21400
572;Jake Fellman;Jake Fellman;;13.3M;United States;589600;26600
573;JD Pantoja;JD Pantoja;Music & Dance;13.2M;Mexico;903700;127900
574;Wish 107.5;Wish 107.5;Music & Dance;13.2M;Philippines;122600;3300
575;Matheus Yurley;Matheus Yurley;;13.1M;Brazil;58000;8100
576;theRadBrad;theRadBrad;Video games;13.1M;United States;189500;10400
577;YOLO;YOLO;;13.1M;Mexico;2100000;155200
578;The LaBrant Fam;The LaBrant Fam;Music & DanceHumor;13.1M;United States;1300000;37300
579;Vlad and Niki ARA;Vlad and Niki ARA;;13.1M;Other;443000;3500
580;The Q;The Q;;13.1M;United States;36900000;408400
581;Busy Fun Ltd;Busy Fun Ltd;;13.1M;India;9100000;40500
582;Desi Gamers;Desi Gamers;;13.1M;India;564300;85500
583;123 GO! Spanish;123 GO! Spanish;Animation;13.1M;Mexico;319900;4300
584;PrestonPlayz;PrestonPlayz;AnimationVideo games;13.1M;United States;2200000;44500
585;SRKASSAMESE;SRK MUSIC;Music & Dance;13.1M;India;45100;1800
586;The Shiny Peanut;The Shiny Peanut;;12.9M;Indonesia;28000;614
587;djzoi0;Everson Zoio;MoviesAnimation;12.9M;Brazil;256600;36500
588;ETV Jabardasth;ETV Jabardasth;;12.9M;India;112100;2100
589;Zhong;Zhong;;12.9M;United States;3800000;215500
590;MattSDance;Matt Steffanina;Music & DanceMovies;12.9M;United States;176700;8300
591;PozzitifonShow;Поззи;Video games;12.9M;Russia;732100;34500
592;DALLMYD;DALLMYD;Mystery;12.9M;United States;375000;17100
593;MrSuicideSheep;MrSuicideSheep;;12.9M;United States;77000;3600
594;JDCav24;ATHLEAN-X™;FitnessHealth & Self Help;12.9M;United States;307500;15300
595;NishaMadhulika;NishaMadhulika;Food & Drinks;12.9M;India;162100;4200
596;O Que Não Dizer Oficial;O Que Não Dizer Oficial;MoviesAnimation;12.9M;Brazil;426800;52900
597;twentyonepilots;twenty one pilots;Music & Dance;12.9M;United States;14800;2300
598;typicalgamer;Typical Gamer;Video games;12.9M;United States;489900;12400
599;Alex Gonzaga Official;Alex Gonzaga Official;Music & DanceHumor;12.9M;Philippines;2800000;111000
600;RedeTVhdBrasil;RedeTV;News & Politics;12.9M;Brazil;2800;93
601;MstrJames;Hacksmith;Video games;12.7M;United States;284800;13400
602;Zeinab Harake;Zeinab Harake;Daily vlogs;12.7M;Philippines;3000000;219100
603;Daniel LaBelle;Daniel LaBelle;;12.7M;United States;18300000;584300
604;OReinho;O Reino Infantil;Music & Dance;12.7M;Other;129300;639
605;#Refúgio Mental;#Refúgio Mental;MoviesAnimation;12.7M;Brazil;272000;6400
606;The MriDul;The MriDul;;12.7M;India;15200000;389300
607;zeetvtelugu;Zee Telugu;;12.7M;India;8000;106
608;PowerfulJRE;PowerfulJRE;Daily vlogs;12.7M;United States;647500;16500
609;1.03E+09;TKOR;DIY & Life Hacks;12.7M;United States;71600;2000
610;Like Nastya Stories;Like Nastya Stories;;12.7M;Other;105600;788
611;HusamYK;Katakit Baby TV;Music & Dance;12.7M;Saudi Arabia;164700;1500
612;einerdtv;Ei Nerd;MoviesAnimation;12.7M;Brazil;293000;42700
613;bbcnews;BBC News;News & Politics;12.7M;United Kingdom;115300;1600
614;MusicTalentNow;Top Viral Talent;;12.7M;United States;12500;286
615;أترو/Atro;أترو/Atro;;12.7M;Iraq;531600;79000
616;BUDI01 GAMING;BUDI01 GAMING;MoviesAnimation;12.7M;Indonesia;1500000;107400
617;ГЛЕНТ;ГЛЕНТ;Video games;12.7M;Russia;2900000;209700
618;Health Time;Health Time;Daily vlogs;12.7M;India;2500;97
619;Vlad and Niki ESP;Vlad and Niki ESP;;12.6M;Other;473800;3100
620;MrSirpirriplin;Ami Rodriguez;;12.5M;Colombia;2800000;339900
621;Coke Studio;Coke Studio;Music & DanceMovies;12.5M;Pakistan;456100;6400
622;jazzghost1;Jazzghost;AnimationVideo games;12.5M;Brazil;1000000;63200
623;htpunjabi;Lokdhun Punjabi;Music & Dance;12.5M;India;2100000;34300
624;Blossom;Blossom;;12.5M;United States;43000;1100
625;Lady Diana;Lady Diana;Music & Dance;12.5M;Russia;1900000;69300
626;tseriesregional;T-Series Regional;Music & Dance;12.5M;India;4200;96
627;hamaarbhojpuri;T-Series Hamaar Bhojpuri;Music & Dance;12.5M;India;22400;592
628;JesseAndMike;JesseAndMike;;12.5M;United States;775000;11900
629;Crescendo com Luluca;Crescendo com Luluca;Toys;12.5M;Brazil;1100000;50500
630;Dear Sir;Dear Sir;Education;12.5M;India;119300;8900
631;canalparafernalha;Parafernalha;;12.5M;Brazil;36500;3100
632;BBC;BBC;Movies;12.5M;United Kingdom;17300;367
633;Infobells Bangla;Infobells Bangla;Education;12.5M;Other;147800;704
634;gymvirtual;gymvirtual;Music & Dance;12.5M;Mexico;84200;3600
635;Knowledge Tv हिन्दी;Knowledge Tv हिन्दी;Education;12.5M;India;47200;2400
636;Melon City Show - برنامج ولاية بطيخ;Melon City Show - برنامج ولاية بطيخ;;12.5M;Iraq;256000;15800
637;awakeningrecords;Awakening Music;Music & Dance;12.5M;Indonesia;19000;1200
638;AdexeOficial;Adexe & Nau;Music & Dance;12.5M;Mexico;78900;6200
639;Piuzinho;Piuzinho;AnimationHumor;12.5M;Brazil;441400;63000
640;MSA previously My Story Animated;MSA previously My Story Animated;AnimationHumor;12.5M;United States;7700000;187700
641;GoldClassics;Goldmines Premiere;;12.5M;Other;12500;222
642;React;People Vs Food;Food & Drinks;12.5M;United States;537900;20600
643;zeebangla;Zee Bangla;;12.5M;India;24700;337
644;RayWilliamJohnson;Ray William Johnson;AnimationHumor;12.5M;United States;2800000;265900
645;rebeccazamolo1;Rebecca Zamolo;Video gamesHumor;12.5M;United States;4100000;70800
646;Brawl Stars;Brawl Stars;Animation;12.5M;United States;6500000;324000
647;Juliana Baltar;Juliana Baltar;MoviesHumor;12.5M;Brazil;173000;11500
648;TalkingAngelaCat;Talking Angela;Music & Dance;12.5M;United States;122600;2800
649;StudyIQ IAS;StudyIQ IAS;Education;12.3M;India;9400;517
650;karameeshchannel;karameeshchannel;Music & Dance;12.3M;Jordan;206600;2100
651;Kabita's Kitchen;Kabita's Kitchen;;12.3M;India;331600;8800
652;DisneyChannelUK;DisneyChannelUK;MoviesHumor;12.3M;Other;40000;402
653;Troom Troom PT;Troom Troom PT;Toys;12.3M;Brazil;123700;2700
654;disneyjunior;Disney Junior;Music & Dance;12.3M;Other;124200;362
655;Meghan Trainor;Meghan Trainor;Music & Dance;12.3M;United States;19100;842
656;DJ Khaled;DJ Khaled;;12.3M;United States;0;N/A'
657;LOUD;LOUD;;12.3M;Brazil;104800;8700
658;elliegoulding;elliegoulding;Music & Dance;12.3M;United States;9900;801
659;Gibby :);Gibby :);Movies;12.3M;Mexico;288400;12200
660;LittleBabyBumEspanol;Little Baby Bum en Español;Education;12.3M;Other;79400;N/A'
661;JustForLaughsTV;Just For Laughs Gags;;12.3M;United States;43600;972
662;1veritasium;Veritasium;Science & Technology;12.3M;United States;3300000;175700
663;Bela Bagunça;Bela Bagunça;MoviesAnimation;12.3M;Brazil;0;N/A'
664;OficialPeppa;Peppa Pig em Português Brasil - Canal Oficial;MoviesAnimation;12.3M;Other;323300;3200
665;JOJO TV - Hindi Stories;JOJO TV - Hindi Stories;;12.2M;India;100600;713
666;My Mate Nate;My Mate Nate;;12.1M;Thailand;1600000;52700
667;Blockbuster Movies;Blockbuster Movies;Daily vlogs;12.1M;India;163800;1400
668;KompasTVNews;KOMPASTV;News & Politics;12.1M;Indonesia;6200;48
669;thinkmusicindia;Think Music India;Music & Dance;12.1M;India;28600;1300
670;Mythpat;Mythpat;;12.1M;India;2600000;246300
671;HZHtube Kids Fun;HZHtube Kids Fun;AnimationToys;12.1M;Other;225600;1400
672;Sony Music South;Sony Music South;MoviesAnimation;12.1M;India;510100;9300
673;FIFATV;FIFA;Sports;12.1M;United States;46300;1900
674;whoisjimmy;How Ridiculous;Video games;12.1M;United States;3100000;84700
675;ماشا و الدب;ماشا و الدب;;12.1M;Other;1000000;9600
676;Davie504;Davie504;;12.1M;United States;803300;66100
677;TheDodoSite;The Dodo;Animals & Pets;12.1M;United States;446400;21000
678;NormanFaitDesVideos;NORMAN FAIT DES VIDÉOS;MoviesAnimation;12.1M;France;500800;35900
679;TheDaniRep;DaniRep | +6 Vídeos Diarios De GTA 5 Online!;AnimationVideo games;12.1M;Mexico;134200;8700
680;Troom Troom India;Troom Troom India;;12.1M;India;207400;1600
681;Come Play With Me;Come Play With Me;Toys;12.1M;Other;3200000;N/A'
682;officialjassrecords;Jass Records;Music & Dance;12.1M;India;33800;2000
683;Más SKabeche;Más SKabeche;;12.1M;Mexico;3800000;217300
684;officialfuturevideos;Future;Music & Dance;12.1M;United States;4300000;115500
685;Codiscos;Codiscos;Music & Dance;12.1M;Other;27800;554
686;ndtv;NDTV;News & Politics;11.9M;India;5600;80
687;Planet Earth INDIA;Planet Earth INDIA;Daily vlogs;11.9M;India;35500;1800
688;DeGoBooM;DeGoBooM;MoviesAnimation;11.9M;Mexico;581200;24700
689;Ice Cream Rolls;Ice Cream Rolls;;11.9M;United States;51600;2000
690;Lulu99;Lulu99;;11.9M;Colombia;595000;41300
691;KaKa Kids TV - Nursery Rhymes Kids Animated Songs;KaKa Kids TV - Nursery Rhymes Kids Animated Songs;;11.9M;Other;3600;15
692;gmanews;GMA News;News & Politics;11.9M;Philippines;7800;94
693;YairAuriazul;Yair17;MoviesAnimation;11.9M;Mexico;474800;68300
694;colinfurze;colinfurze;Video games;11.9M;United States;1700000;104300
695;TheInfographicsShow;The Infographics Show;Education;11.9M;United States;305200;7700
696;Trakin Tech;Trakin Tech;News & Politics;11.9M;India;348600;22800
697;Troom Troom Indonesia;Troom Troom Indonesia;Music & DanceMovies;11.9M;Indonesia;150200;1300
698;Panda;Panda;AnimationToys;11.9M;India;572200;67300
699;BanderitaX;BanderitaX;AnimationVideo games;11.9M;Saudi Arabia;2200000;181800
700;Americanvogue;Vogue;Fashion;11.9M;United States;185800;6700
701;jordanmatter;Jordan Matter;Music & DanceHumor;11.9M;United States;11500000;180600
702;TTfue;Tfue;AnimationVideo games;11.9M;United States;169800;7100
703;RaptorGamer;RaptorGamer;AnimationVideo games;11.9M;Mexico;868300;39700
704;CHHOTU KI MASTI;CHHOTU KI MASTI;;11.9M;India;2300000;20400
705;htbhakti;Sonotek Bhakti;Music & Dance;11.9M;India;28500;210
706;EU FICO LOKO;EU FICO LOKO;;11.9M;Brazil;14400;888
707;AvrilLavigne;Avril Lavigne;Music & Dance;11.8M;United States;177000;14200
708;NichLmao;NichLmao;Daily vlogs;11.8M;United States;4900000;353700
709;TastyCompot;Compot;Video games;11.8M;Russia;1200000;56900
710;MBCMASR;MBC مصر;;11.7M;Egypt;2000;25
711;geonews;Geo News;News & Politics;11.7M;Pakistan;3800;53
712;TsMadaan;TsMadaan;Education;11.7M;India;15200;1300
713;CNCO;CNCO;Music & Dance;11.7M;Mexico;22200;5600
714;Kluna Tik;Kluna Tik;;11.7M;United States;309400;4200
715;FrontaL Gaming;FrontaL Gaming;MoviesAnimation;11.7M;Other;190900;13100
716;Yudist Ardhana;Yudist Ardhana;Movies;11.7M;Indonesia;341800;11500
717;MORGENSHTERN;MORGENSHTERN;Music & DanceMovies;11.7M;Russia;1500000;109200
718;TommyInnit;TommyInnit;AnimationVideo games;11.7M;United States;2400000;184700
719;Nat and Essie;Nat and Essie;Toys;11.7M;United States;25600;259
720;Dani Russo Tv;Dani Russo Tv;AnimationHumor;11.7M;Other;18100;1900
721;DANIEL EL TRAVIESO VIDEOS;DANIEL EL TRAVIESO VIDEOS;AnimationHumor;11.7M;Colombia;4000000;94800
722;Gulshan Kalra;Gulshan Kalra;;11.7M;India;3400000;378200
724;luansantanaoficial;Luan Santana;Music & Dance;11.7M;Brazil;9800000;83400
725;Natti Natasha;Natti Natasha;Music & Dance;11.7M;United States;332200;93800
726;Ajay Sharma;Ajay Sharma;;11.7M;India;1400000;83800
727;eltreceok;El Trece;News & Politics;11.7M;Other;5800;53
728;Narendra Modi;Narendra Modi;Science & TechnologyNews & Politics;11.7M;India;37300;1500
729;WiederDude;WiederDude;;11.7M;United States;2600000;49000
730;Koo Koo TV - Hindi;Koo Koo TV - Hindi;;11.7M;India;442000;4500
731;Garena Free Fire LATAM;Garena Free Fire LATAM;;11.7M;Mexico;459700;3100
732;MrTimbaVk;Timba Vk;AnimationVideo games;11.7M;Mexico;689300;33500
733;emma chamberlain;emma chamberlain;Food & Drinks;11.6M;United States;5300000;492600
734;SMOL;SMOL;;11.6M;United States;1300000;46400
735;elrubius;Rubius Z;MoviesAnimation;11.5M;Argentina;1600000;119400
736;lokdhuntv;Wave Music Bhakti;Music & Dance;11.5M;Other;6600;153
737;Halsey;Halsey;News & Politics;11.5M;United States;36000;4400
738;E-MasterSensei;E-MasterSensei;MoviesVideo games;11.5M;Mexico;989600;65700
739;Jamuna TV;Jamuna TV;News & Politics;11.5M;Bangladesh;33900;925
740;kidstvindia;Kids TV India Hindi Nursery Rhymes;Education;11.5M;Other;165900;1100
741;123 GO!;123 GO!;DIY & Life Hacks;11.5M;United States;1000000;8200
742;SBTonline;SBT;;11.5M;Brazil;259;45
743;hoiitsroi;Wassabi;MoviesHumor;11.5M;United States;73600;3800
744;Pragati Verma Shorts;Pragati Verma Shorts;;11.5M;India;3400000;276900
745;FirstWeFeast;First We Feast;Food & Drinks;11.5M;United States;264500;6700
746;MTV2;Wild 'N Out;Music & DanceHumor;11.5M;United States;256700;6700
747;FelipeViktor;LipaoGamer;MoviesAnimation;11.5M;Brazil;137400;8900
748;Tiana;Tiana;Video gamesHumor;11.5M;United Kingdom;207100;5300
749;Hero Movies 2022;Hero Movies 2022;Daily vlogs;11.5M;India;30600;294
750;Луномосик;Луномосик;Video games;11.5M;Russia;2100000;68800
751;الجانب المُشرق | Bright Side Arabic;الجانب المُشرق | Bright Side Arabic;;11.5M;Egypt;30700;892
752;ExpCaseros;ExpCaseros;DIY & Life HacksFood & Drinks;11.5M;Spain;62100;2200
753;CrazyRussianHacker;CrazyRussianHacker;AnimationToys;11.5M;United States;62900;2200
754;Akon;Akon;Music & Dance;11.5M;Brazil;85300;6800
755;VyQwaint;Vy Qwaint;Video gamesHumor;11.5M;United States;2000000;38200
756;办公室小野 Ms Yeah;办公室小野 Ms Yeah;;11.5M;United States;183200;12400
757;storybots;Netflix Jr.;AnimationHumor;11.4M;Other;51300;154
758;BBCEarth;BBC Earth;;11.4M;United States;71700;2000
759;YoungBoy Never Broke Again;YoungBoy Never Broke Again;Music & Dance;11.4M;United States;5600000;273300
760;Ya - Alisa;Ya - Alisa;;11.3M;Other;2600;16
761;GoldminesAction;GoldminesAction;;11.3M;Other;12000;139
762;blackeyedpeasvideo;Black Eyed Peas;Music & Dance;11.3M;United States;174900;8300
763;realannoyingorange;Annoying Orange;MoviesAnimation;11.3M;United States;259600;8800
764;Star Casablanca | نجوم الدار البيضاء;Star Casablanca | نجوم الدار البيضاء;Music & Dance;11.3M;Iraq;30700;1600
765;MashaBearUkraine;Маша та Ведмідь;Education;11.3M;Other;236900;1300
766;TiempodeSol;Duo Tiempo De Sol;Music & DanceAnimation;11.3M;Other;197600;710
767;Biperysusamigos;Biper y sus Amigos;Music & DanceMovies;11.3M;Other;155900;N/A'
768;CaptainSparklez;CaptainSparklez;Video games;11.3M;United States;167100;17200
769;Bispo Bruno Leonardo;Bispo Bruno Leonardo;Music & Dance;11.3M;Brazil;655900;238000
770;UnspeakableGaming;UnspeakableGaming;Video games;11.3M;United States;581100;11300
771;epicfortnite;Fortnite;MoviesVideo games;11.3M;United States;152800;6200
772;pocoyotv;POCOYÓ en ESPAÑOL - Canal Oficial;;11.3M;Other;334500;1300
773;yogawithadriene;Yoga With Adriene;Fitness;11.3M;United States;302400;7900
774;Free Fire India Official;Free Fire India Official;Animation;11.3M;India;81800;7800
775;crackrockcandy;Maymo;;11.3M;United States;283400;1000
776;infobellskannada;infobells - Kannada;Education;11.3M;Other;173700;805
777;TV9 Bharatvarsh;TV9 Bharatvarsh;News & Politics;11.3M;India;8000;137
778;lucygerardi43;Luli Pampín;Music & DanceAnimation;11.3M;Other;840600;3500
779;Republic Bharat;Republic Bharat;News & Politics;11.3M;India;14200;N/A'
780;Magic Five;Magic Five;Travel;11.3M;Russia;2000000;135500
781;CarryisLive;CarryisLive;;11.3M;India;1000000;84500
782;luzugames;luzugames;AnimationVideo games;11.3M;Mexico;327400;44900
783;TheViralFeverVideos;The Viral Fever;MoviesHumor;11.3M;India;1200000;56600
784;hawkrecord;Single Track Studio;Music & Dance;11.3M;India;1300000;44100
785;elcarteldesantatv;elcarteldesantatv;Music & Dance;11.3M;Mexico;103900;7100
786;MC Divertida;MC Divertida;Music & DanceMovies;11.2M;Other;387700;3900
787;MaJa Tv Hindi Stories;MaJa Tv Hindi Stories;;11.2M;India;518700;5500
788;ToysPlay;ToysPlay;AnimationToys;11.1M;Other;220100;1200
789;BakLol Video;BakLol Video;MoviesHumor;11.1M;India;1000000;18200
790;AlArabiya;AlArabiya العربية;News & Politics;11.1M;Algeria;2900;52
791;Avocado Couple I Crazy Comics;Avocado Couple I Crazy Comics;;11.1M;United States;352900;3200
792;Morphle TV;Morphle TV;AnimationToys;11.1M;Other;242000;N/A'
793;watchcut;Cut;Humor;11.1M;United States;404700;14600
794;RapGeniusVideo;Genius;Music & DanceMovies;11.1M;United States;27100;1100
797;Mo Vlogs;Mo Vlogs;HumorAutos & Vehicles;11.1M;India;342200;16600
798;chotoonz;Chotoonz TV - Funny Cartoons for Kids;;11.1M;Other;47100;N/A'
799;comedycentral;Comedy Central;MoviesHumor;11.1M;United States;31200;799
800;francoescamilla;Franco Escamilla;;11.1M;Mexico;463400;12800
801;FilmTheorists;The Film Theorists;Movies;11.1M;United States;2300000;124100
802;Emily Tube;Emily Tube;AnimationToys;11.1M;Other;11600;50
803;Virgínia Fonseca;Virgínia Fonseca;MoviesHumor;11.1M;Brazil;554600;49300
804;ExplosmEntertainment;ExplosmEntertainment;MoviesAnimation;11.1M;United States;288700;16500
805;Pari's Lifestyle;Pari's Lifestyle;Daily vlogs;11.1M;India;1000000;12500
806;bharatzkitchen HINDI;bharatzkitchen HINDI;;11.1M;India;202100;6100
807;prantoniojunior;Pastor Antônio Júnior;Music & Dance;11.1M;Brazil;308900;73100
808;Diana and Roma IND;Diana and Roma IND;;11M;Other;1200000;6500
809;Влад и Никита;Влад и Никита;Toys;11M;Other;1500000;6300
810;KapilComedyNights;Colors Rishtey;;10.9M;India;6100;73
811;jpgameplayfull;JP Plays;Video games;10.9M;Brazil;225200;11700
812;barbie;Barbie;;10.9M;Other;83300;1600
813;DemolitionRanch;DemolitionRanch;Video games;10.9M;United States;1200000;61200
814;Levinho;Levinho;;10.9M;India;257600;25700
815;Acenix;Acenix;Video games;10.9M;Mexico;2000000;67800
816;TygaTygaTV;Tyga;Music & Dance;10.9M;United States;0;N/A'
817;XHuevaX;Hueva;Video games;10.9M;Mexico;529300;14900
818;mirandasings08;Miranda Sings;MoviesHumor;10.9M;United States;152600;12000
819;Taylor RS;Taylor RS;;10.9M;United States;96900;542
820;cbstvdinsideedition;Inside Edition;News & Politics;10.9M;United States;222200;6000
821;Mrwhosetheboss;Mrwhosetheboss;Science & Technology;10.9M;United States;3000000;152000
822;Oum Walid;Oum Walid;Education;10.9M;Algeria;492900;24500
823;pinkfongko;핑크퐁 (인기 동요・동화);Education;10.9M;South Korea;27800;122
824;Doja Cat;Doja Cat;Music & Dance;10.9M;United States;615000;36900
825;HikakinTV;HikakinTV;Music & DanceHumor;10.9M;Japan;2600000;46300
826;doctruyencotich;Kênh Thiếu Nhi - BHMEDIA;Music & DanceAnimation;10.9M;United States;13400;49
827;videogyan;Videogyan Nursery Rhymes - Kids Songs & Cartoons;Animation;10.9M;Other;58700;269
828;Área Secreta;Área Secreta;Movies;10.9M;Brazil;136500;23500
829;Dobre Brothers;Dobre Brothers;MoviesHumor;10.9M;United States;457900;18500
830;OGGY;OGGY;;10.9M;Other;245000;2400
831;Flowers Comedy;Flowers Comedy;;10.9M;India;160300;2200
832;GamesEduUu;Games EduUu;MoviesToys;10.9M;Brazil;1500000;206900
833;OYUNCAKOYNUYORUM;OYUNCAKOYNUYORUM;;10.9M;Other;274300;1300
834;Flamingo;Flamingo;AnimationVideo games;10.9M;United States;2000000;68700
835;penguinz0;penguinz0;AnimationVideo games;10.8M;United States;1200000;58600
836;N1Noobtubers;웃웃TwinsFromRussia;Daily vlogs;10.8M;United States;94200;4900
837;brancoala;Brancoala;MoviesAnimation;10.8M;Brazil;626700;13500
838;Experienced Mojaraba TV;Experienced Mojaraba TV;Health & Self HelpFood & Drinks;10.7M;United States;0;N/A'
839;sagahits;SagaHits;Music & Dance;10.7M;India;283700;6700
840;NEXT9NEWS हर खबर आप तक;NEXT9NEWS हर खबर आप तक;News & Politics;10.7M;India;2700;20
841;telugufilmnagar;Telugu Filmnagar;;10.7M;India;3000;54
842;Jessica Jane;Jessica Jane;Food & Drinks;10.7M;Indonesia;1500000;65900
843;Golemcito Games;Golemcito Games;MoviesAnimation;10.7M;Peru;1800000;182800
844;TWO SIDE GAMERS;TWO SIDE GAMERS;;10.7M;India;899800;83500
845;OfficiallyAnneMarie;Anne-Marie;Music & Dance;10.7M;India;556600;26900
846;Slogomanify;Slogo;Video games;10.7M;United States;273800;12400
847;Vox;Vox;News & Politics;10.7M;United States;1300000;32700
848;WarnerBrosPictures;Warner Bros. Pictures;MoviesAnimation;10.7M;United States;20400;831
849;Google;Google;;10.7M;United States;2300000;433
850;AdamThomasMoran;AdamThomasMoran;Video gamesHumor;10.7M;Russia;627600;50600
851;GoProCamera;GoPro;Sports;10.7M;United States;36300;1400
852;Lofi Girl;Lofi Girl;Music & Dance;10.7M;United States;84800;4500
853;Troom Troom Arabic;Troom Troom Arabic;;10.7M;Egypt;475500;6200
854;Nao FunFun;Nao FunFun;Daily vlogs;10.7M;United States;5600;47
855;Ceylin - H Official;Ceylin - H Official;Music & Dance;10.7M;Turkey;20200;N/A'
856;stampylonghead;stampylonghead;Video games;10.7M;United States;114100;5800
857;Rachit Rojha;Rachit Rojha;;10.7M;India;0;N/A'
858;zeetamil;Zee Tamil;;10.7M;India;14300;195
859;Captain Watch Hits;Captain Watch Hits;;10.6M;India;22700;164
860;Ben Azelart;Ben Azelart;Video gamesHumor;10.6M;United States;9000000;236900
861;aljazeerachannel;AlJazeera Channel قناة الجزيرة;News & Politics;10.5M;Morocco;8100;142
862;MeKcanal;Matheus e Kauan;Music & Dance;10.5M;Brazil;388200;10400
863;tomiii 11;tomiii 11;Daily vlogs;10.5M;Mexico;147000;19200
864;TikTak Draw;TikTak Draw;Animation;10.5M;Mexico;122600;6100
865;DuDuPopTOY;DuDuPopTOY;AnimationHumor;10.5M;Other;7300;75
866;Kids smile TV;Kids smile TV;MoviesToys;10.5M;Other;151900;930
867;rangeldovine;Lucas Rangel;;10.5M;Brazil;36100;3200
868;craftingeek;Craftingeek;;10.5M;Mexico;269800;7900
869;Vlad and Niki PRT;Vlad and Niki PRT;;10.5M;Other;1000000;N/A'
870;francinyehlke;Franciny Ehlke;FashionDesign/art;10.5M;Brazil;202400;22400
871;BE AMAZED;BE AMAZED;Education;10.5M;United States;343300;11100
873;soicon295;Magnet World;;10.5M;United States;21000;247
875;PinaRecordsVideos;Pina Records;Music & Dance;10.5M;Colombia;463100;19400
876;redbull;Red Bull;Sports;10.5M;United States;84400;2700
877;BuzzFeedYellow;As/Is;Daily vlogs;10.5M;United States;13900;582
878;ChillStepNation;Chill Nation;Music & Dance;10.5M;United States;34700;933
879;Alan Chikin Chow;Alan Chikin Chow;;10.5M;India;12500000;415900
880;Milena Stepanienco - MILENINHA;Milena Stepanienco - MILENINHA;MoviesAnimation;10.5M;Brazil;709700;5000
881;قناة وناسة - Wanasah TV;قناة وناسة - Wanasah TV;Music & Dance;10.5M;Other;1400000;11100
882;sbtthenoite;The Noite com Danilo Gentili;MoviesHumor;10.5M;Brazil;14100;763
883;destinws2;SmarterEveryDay;Science & Technology;10.5M;United States;808400;43400
885;LA DIVAZA;LA DIVAZA;Music & DanceHumor;10.5M;Mexico;995700;83200
886;CJENMMUSIC;Stone Music Entertainment;Music & DanceMovies;10.5M;United States;5800;460
887;Caso Cerrado;Caso Cerrado;Animation;10.5M;Mexico;359800;4200
888;Primitive Technology;Primitive Technology;DIY & Life Hacks;10.5M;United States;2300000;146300
889;Goldmines Housefull;Goldmines Housefull;;10.5M;Other;23000;N/A'
890;mrplotvideos;Mundo Bita;Music & DanceMovies;10.5M;Other;172500;2800
891;Playing with Rafael;Playing with Rafael;;10.5M;Brazil;20300;597
892;Cris Devil Gamer;Cris Devil Gamer;MoviesAnimation;10.5M;United States;499600;15100
893;ctctv;СТС;Video gamesHumor;10.5M;Russia;78400;640
894;RDCGujarati;RDC Gujarati;Music & Dance;10.5M;India;27600;1200
895;HISHEdotcom;How It Should Have Ended;MoviesAnimation;10.4M;United States;1100000;44600
896;ChuChuTV Hindi;ChuChuTV Hindi;Education;10.4M;Other;66500;364
897;MrGustavoParodias;Gustavo Paródias;;10.3M;Brazil;344700;34100
898;historychannel;HISTORY;Movies;10.3M;United States;59500;1300
899;Joe HaTTab;Joe HaTTab;Movies;10.3M;Somalia;2100000;299700
900;WAMIndiaMovies;Wamindia Movies;;10.3M;India;7800;65
901;lincolnvelasquez;Cong TV;;10.3M;Philippines;3900000;223100
902;Pinkfong en español - Canciones Infantiles;Pinkfong en español - Canciones Infantiles;AnimationToys;10.3M;Other;59000;273
903;atv;atv;MoviesAnimation;10.3M;Turkey;13400;118
904;TwinRoozi 쌍둥이 루지;TwinRoozi 쌍둥이 루지;Daily vlogs;10.3M;Indonesia;127700;N/A'
905;AsapSCIENCE;AsapSCIENCE;Science & Technology;10.3M;United States;132000;9800
906;rathorvideo;Rathore Cassettes;;10.3M;India;6000;97
907;KiKiDo;KiKiDo;Video gamesHumor;10.3M;Russia;3400000;81300
908;Indore Physical Academy;Indore Physical Academy;;10.3M;India;213300;17900
909;DalasReview;Dalas Review;Science & Technology;10.3M;Mexico;649100;64600
910;Hindi Kahaniya;Hindi Kahaniya;;10.3M;India;63600;1000
911;Heidi y Zidane en español;Heidi y Zidane en español;Toys;10.3M;Other;213000;1200
912;0214mex;はじめしゃちょー（hajime）;Music & DanceHumor;10.3M;Japan;1700000;36800
913;Toymong tv 토이몽TV;Toymong tv 토이몽TV;;10.3M;Other;30100;262
914;cleanbandit;Clean Bandit;Music & Dance;10.3M;United States;20300;817
915;Rawan and Rayan;Rawan and Rayan;;10.3M;Algeria;1300000;81000
916;Hindi Fairy Tales;Hindi Fairy Tales;;10.3M;India;328100;5900
917;Guns N' Roses;Guns N' Roses;;10.3M;Brazil;0;N/A'
918;Sab Kuchh Sekho Jano;Sab Kuchh Sekho Jano;News & Politics;10.3M;India;18600;1000
919;Peppa Pig Hindi;Peppa Pig Hindi;Education;10.2M;Other;309300;2500
920;5-Minute Crafts LIKE;5-Minute Crafts LIKE;;10.2M;United States;18500;164
921;Lorrayne Oliveira;Lorrayne Oliveira;AnimationHumor;10.2M;Brazil;667300;30100
922;NASAtelevision;NASA;News & PoliticsScience & Technology;10.1M;United States;76300;3400
923;Heroine Movies 2022;Heroine Movies 2022;Daily vlogs;10.1M;India;233300;1600
924;Receitas de Pai;Receitas de Pai;Food & Drinks;10.1M;Brazil;100100;12300
925;JessicaJulioeBaby;Laurinha e Helena - Clubinho da Laura;MoviesAnimation;10.1M;Brazil;178700;3800
926;Viki Show;Viki Show;Video gamesToys;10.1M;Russia;2700000;103000
927;T-STUDIO;T-STUDIO;;10.1M;Indonesia;132000;3800
928;sadhguru;Sadhguru;Movies;10.1M;India;115800;6600
929;Hindi Countdown;Hindi Countdown;Education;10.1M;India;4800000;88500
930;ARYNEWSofficial;ARY News;News & Politics;10.1M;Pakistan;21900;559
931;Wylsacom;Wylsacom;News & Politics;10.1M;Russia;408800;16400
932;вДудь;вДудь;News & Politics;10.1M;Russia;7700000;280800
933;Comedy Captain;Comedy Captain;;10.1M;India;56100;316
934;Danny Fitt;Danny Fitt;;10.1M;Mexico;1300000;101700
935;Ryan Trahan;Ryan Trahan;Humor;10.1M;United States;6300000;299500
936;BBCArabicNews;BBC News عربي;News & Politics;10.1M;Morocco;21300;407
937;TomorrowlandChannel;Tomorrowland;Music & Dance;10.1M;Brazil;17800;811
938;MTV;MTV;Music & DanceMovies;10.1M;United States;70900;2200
939;sonyliv;SonyLIV;;10.1M;India;6500;80
940;Luan Palomera;Luan Palomera;;10.1M;Mexico;887100;64200
941;Marta and Rustam;Marta and Rustam;;10.1M;India;4100000;105400
942;PineappleStormTV;PineappleStormTV;Music & Dance;10.1M;Brazil;308400;38100
943;Christian Nodal;Christian Nodal;Music & Dance;10.1M;Mexico;0;N/A'
944;miniminter;Miniminter;Video gamesHumor;10.1M;United Kingdom;2800000;180700
945;RUOK;RUOK;;10.1M;Brazil;878900;88200
946;Sơn Tùng M-TP Official;Sơn Tùng M-TP Official;Music & DanceAnimation;10.1M;United States;6800000;448200
947;VitalyzdTv;VitalyzdTv;Humor;10.1M;United States;0;N/A'
948;5-Minute Recipes;5-Minute Recipes;;10.1M;India;61800;668
949;Dynamo Gaming;Dynamo Gaming;;10.1M;India;288600;39000
950;Survival Builder;Survival Builder;;10.1M;United States;120400;2800
951;Talent Recap;Talent Recap;Music & DanceMovies;10.1M;United States;77800;1000
952;ChennaiExp2013;Red Chillies Entertainment;;10.1M;India;36200;1300
953;BERTH-OH;BERTH-OH;Autos & Vehicles;10.1M;Mexico;503600;25100
954;Patty Mayo;Patty Mayo;MoviesHumor;10.1M;United States;413400;16500
955;Islam Populer;Islam Populer;Education;10.1M;Indonesia;58600;1700
956;singkingkaraoke;Sing King;Music & Dance;10.1M;United States;17400;151
957;설기양SULGI;설기양SULGI;ASMRFood & Drinks;10M;United States;883700;20300
958;Nickelodeon;Nickelodeon;MoviesAnimation;10M;Other;74900;826
959;The Daily Show with Trevor Noah;The Daily Show with Trevor Noah;News & Politics;10M;United States;284800;8600
960;timesmusicindia;Times Music;Music & Dance;10M;India;14200;569
961;familyfunpack;Family Fun Pack;;10M;United States;136300;2400
962;EugenBro;EugenBro;Video games;10M;Russia;439100;24000
963;barcroftmedia;truly;News & Politics;10M;United States;45100;N/A'
964;mamilosmolengas;Mussoumano;Music & DanceAnimation;10M;Brazil;961800;45900
965;Family Box;Family Box;Video games;10M;Russia;303000;9200
966;[햄지]Hamzy;[햄지]Hamzy;;10M;United States;2800000;57300
967;makebymarimaria;Mari Maria;FashionDIY & Life Hacks;9.9M;Brazil;137200;10900
968;BrPVPHu3;João Caetano;;9.9M;Brazil;593800;49500
969;joycetanner;QPark;Music & DanceHumor;9.9M;United States;79500;5400
970;shrutiarjunanand;Shruti Arjun Anand;MoviesHumor;9.9M;India;852500;22600
971;ThePersica;Orkun Işıtmak;Animation;9.9M;Turkey;2100000;88900
972;MBCkpop;MBCkpop;Music & Dance;9.9M;Malaysia;10900;1200
973;OneRepublic;OneRepublic;Music & Dance;9.9M;United States;879300;32200
974;Stray Kids;Stray Kids;Music & DanceMovies;9.9M;United States;476500;69900
975;ChuChuTV Español;ChuChuTV Español;Toys;9.9M;Other;36600;140
976;panicopgm;Programa Panico;Toys;9.9M;Brazil;18300;1200
977;TeremokTV;Теремок ТВ;Video games;9.9M;Other;111500;535
978;Netflix Latinoamérica;Netflix Latinoamérica;;9.9M;Other;38100;2200
979;مصطفى GAME OVER;مصطفى GAME OVER;;9.9M;Iraq;765200;98900
980;htv2channel;Vie Channel - HTV2;Music & Dance;9.9M;United States;21500;132
981;hasanjr11;hasanjr11;;9.8M;Indonesia;6900;553
982;Raditya Dika;Raditya Dika;Food & Drinks;9.8M;Indonesia;489900;23200
983;Prince Royce;Prince Royce;Music & Dance;9.8M;United States;1100000;19100
984;Oneindia Hindi | वनइंडिया हिंदी;Oneindia Hindi | वनइंडिया हिंदी;News & Politics;9.8M;India;2000;27
985;CS Bisht Vines;CS Bisht Vines;;9.8M;India;6200000;50700
986;TeremokSongs;Теремок - Песенки для детей;Music & Dance;9.8M;Russia;185100;1100
987;IniTalkShow;Ini Talk Show;Music & DanceHumor;9.8M;Indonesia;18600;430
988;buzzfeedblue;BuzzFeed Multiplayer;AnimationVideo games;9.8M;United States;17500;446
989;Eagle Home Entertainments;Eagle Home Entertainments;;9.8M;India;937;7
990;SULE PRODUCTIONS;SULE PRODUCTIONS;;9.8M;Indonesia;739500;32600
991;The Voice Global;The Voice Global;Music & Dance;9.8M;United States;284000;6000
992;bhaktisongs;Shemaroo Bhakti;Music & Dance;9.8M;India;2500;52
993;Larva2011ani;Larva TUBA;;9.8M;United States;74600;1500
994;DRJ Records Specials;DRJ Records Specials;;9.8M;India;25800;121
995;Doctor Mike;Doctor Mike;Health & Self Help;9.8M;United States;1900000;76800
996;123 GO! Hindi;123 GO! Hindi;;9.8M;India;829500;5900
997;welovekamikaze;welovekamikaze;;9.7M;Other;2500;68
998;TheSyndicateProject;Syndicate;Video games;9.7M;United States;56600;2300
999;DELRECORDS;DEL Records;Music & Dance;9.7M;Mexico;724600;23200
1000;BIBI;BIBI;MoviesAnimation;9.7M;Other;28200;3700