Rank,username,Name,Category,Subscribers,Audience Country,Avg. Views,Avg. Likes
1,tseries,T-Series,Music & Dance,220100000,India,52700,1700
2,checkgate,Cocomelon - Nursery Rhymes,Education,138600000,Other,14500000,79500
3,PewDiePie,PewDiePie,Animation,111400000,United States,3600000,244000
4,MrBeast6000,MrBeast,Video gamesHumor,98400000,United States,36700000,2100000
5,✿ Kids Diana Show,✿ Kids Diana Show,AnimationToys,97500000,Other,18100000,71800
6,Like Nastya,Like Nastya,Toys,97500000,Other,9300000,52600
7,WWEFanNation,WWE,Video games,89400000,United States,202300,6600
8,zeemusiccompany,Zee Music Company,Music & Dance,85700000,India,120700,4900
9,Vlad and Niki,Vlad and Niki,AnimationToys,83600000,Other,3800000,17700
10,5-Minute Crafts,5-Minute Crafts,Other,77100000,India,190000,1800
11,GoldminesTelefilms,Goldmines,Other,72100000,India,31100,403
12,kidrauhl,Justin Bieber,Music & Dance,69500000,United States,632600,41300
13,sabtv,Sony SAB,MoviesAnimation,69400000,India,32200,589
14,BANGTANTV,BANGTANTV,Music & Dance,69300000,India,4800000,766300
15,ibighit,HYBE LABELS,Music & Dance,67500000,United States,492400,105900
16,CanalKondZilla,Canal KondZilla,Music & Dance,65900000,Brazil,40900,2300
17,zeetv,Zee TV,Other,62700000,India,142400,2000
18,filmigaane,Shemaroo Filmi Gaane,Music & Dance,60800000,India,31500,446
19,SmartBooksMedia,Pinkfong Baby Shark - Kids' Songs & Stories,AnimationToys,58800000,Other,340700,798
20,corycotton,Dude Perfect,Video games,57900000,United States,8500000,316200
21,movieclips,Movieclips,MoviesAnimation,57400000,United States,18900,197
22,ChuChu TV Nursery Rhymes & Kids Songs,ChuChu TV Nursery Rhymes & Kids Songs,Toys,57200000,Other,447200,5400
23,Marshmello,Marshmello,Music & Dance,55600000,United States,158800,13600
24,colorstv,Colors TV,Other,54300000,India,25700,498
25,BHOJPURIWAVE,Wave Music,Music & Dance,53000000,Other,87500,1700
26,EminemMusic,EminemMusic,MoviesAnimation,52700000,United States,15700000,928100
27,aajtaktv,Aaj Tak,News & Politics,52300000,India,9700,138
28,tipsmusic,Tips Official,Music & Dance,52100000,India,234500,2300
29,sonymusicindiaSME,Sony Music India,Music & Dance,51700000,India,118500,3400
30,tseriesbhakti,T-Series Bhakti Sagar,Music & Dance,51500000,India,20000,555
31,ReinoMariaElenaWalsh,El Reino Infantil,Music & Dance,51100000,Other,293600,1300
32,LooLooKids,LooLoo Kids - Nursery Rhymes and Children's Songs,Music & Dance,49500000,United States,265600,1500
33,yrf,YRF,Music & DanceMovies,47100000,India,250700,12800
34,taylorswift,Taylor Swift,Music & Dance,46900000,United States,1800000,162700
35,JuegaGerman,JuegaGerman,MoviesAnimation,46000000,Mexico,1700000,150800
36,Badabun,Badabun,Other,45700000,Mexico,4900,115
37,infobellshindirhymes,Infobells - Hindi,Education,44900000,Other,1100000,5700
38,felipeneto,Felipe Neto,Other,44300000,Brazil,1200000,128200
39,whinderssonnunes,whinderssonnunes,Music & DanceAnimation,43800000,Brazil,3400000,798800
40,BRIGHT SIDE,BRIGHT SIDE,Animation,43800000,United States,56700,1400
41,vcsabiavideos,Você Sabia?,Other,43200000,Brazil,780900,92700
42,sonymusicindiaVEVO,SonyMusicIndiaVEVO,Music & Dance,42400000,India,32100,481
43,DjWalkzz,Alan Walker,Music & DanceMovies,42100000,United States,461800,28200
44,Bad Bunny,Bad Bunny,Music & DanceMovies,41800000,Mexico,100500000,1800000
45,Like Nastya Show,Like Nastya Show,AnimationToys,41400000,Other,91300,772
46,A4,A4,AnimationHumor,40700000,Russia,9400000,443900
47,speedrecordss,Speed Records,Music & Dance,40600000,India,33100,1400
48,getmovies,Get Movies,Other,40600000,Other,81400,446
49,ABSCBNOnline,ABS-CBN Entertainment,Other,40200000,Philippines,1800,27
50,LittleBabyBum,Little Baby Bum - Nursery Rhymes & Kids Songs,AnimationToys,39300000,Other,123400,380
51,LuisitoComunicaa,Luisito Comunica,Other,39000000,Mexico,4300000,139100
52,ShemarooEnt,Shemaroo,Other,38500000,India,204700,1400
53,MashaMedvedTV,Маша и Медведь,Education,38400000,Other,1100000,6900
54,TheEllenShow,TheEllenShow,Other,38400000,United States,19900,537
55,Voot Kids,Voot Kids,MoviesAnimation,38200000,Other,929500,7700
56,venus,Ishtar Music,Music & Dance,37600000,India,21800,329
57,luccasneto,LUCCAS NETO - LUCCAS TOON,MoviesAnimation,37600000,Brazil,416300,11800
58,gr6explode,GR6 EXPLODE,Music & Dance,37600000,Brazil,76700,4700
59,XXXTENTACION,XXXTENTACION,Music & Dance,37500000,United States,463400,48900
60,Kimberly Loaiza,Kimberly Loaiza,Daily vlogs,37000000,Mexico,7900000,489100
61,shakira,Shakira,Other,36800000,United States,382100,28800
62,WorkpointOfficial,WorkpointOfficial,Other,36800000,Thailand,8000,114
63,Toys and Colors,Toys and Colors,MoviesToys,36400000,Other,2000000,4500
64,shfa,shfa,Daily vlogs,35700000,France,3100000,53800
65,shfa2 - شفا,shfa2 - شفا,Daily vlogs,35600000,Other,517200,4900
66,TEDxTalks,TEDx Talks,Other,35600000,United States,171,5
67,Jkk Entertainment,Jkk Entertainment,Other,35400000,India,7300000,54000
68,SuperSimpleSongs,Super Simple Songs - Kids Songs,Music & Dance,34700000,Other,3300000,6900
69,Masha and The Bear,Masha and The Bear,AnimationToys,34500000,Other,1400000,7300
70,gmmonetv,one31,Other,34200000,Thailand,6100,109
71,Goldmines Gaane Sune Ansune,Goldmines Gaane Sune Ansune,Music & Dance,33900000,India,32800,309
72,JbalvinTube,J Balvin,Music & Dance,33500000,Colombia,2600000,68800
73,Like Nastya ESP,Like Nastya ESP,Other,33400000,Other,263600,924
74,YouTube,YouTube,Other,33300000,United States,103900,7300
75,vegetta777,VEGETTA777,Video games,33200000,Mexico,303700,25900
76,markiplierGAME,Markiplier,AnimationVideo games,33100000,United States,3200000,167500
77,Total Gaming,Total Gaming,Other,33000000,India,1300000,110300
78,abpnewstv,ABP NEWS,News & Politics,32900000,India,4000,45
79,Maria Clara & JP,Maria Clara & JP,Other,32800000,Other,3600000,34100
80,Ryan's World,Ryan's World,AnimationToys,32800000,Other,1100000,4400
81,UltraHindi,Ultra Bollywood,Other,32800000,India,145100,1200
82,Geet MP3,Geet MP3,Music & Dance,32700000,India,713300,26600
83,NoCopyrightSounds,NoCopyrightSounds,Music & Dance,32500000,United States,372400,14600
84,Mikecrack,Mikecrack,MoviesAnimation,32300000,Mexico,3900000,297000
85,sonypalindia,Sony PAL,Other,32300000,India,9800,114
86,SSSniperWolf,SSSniperWolf,Humor,32100000,United States,4400000,114400
87,tseriesapnapunjab,T-Series Apna Punjab,Music & Dance,32100000,India,24800,906
88,KHANDESHI MOVIES,KHANDESHI MOVIES,Other,31900000,India,2200000,20800
89,IndiaTV,IndiaTV,News & Politics,31700000,India,11500,191
90,GENIAL,GENIAL,Animation,31300000,Mexico,47900,1700
91,cancionesdelagranja,La Granja de Zenón,Music & DanceAnimation,31300000,Other,459200,2400
92,ARY Digital HD,ARY Digital HD,Other,31100000,Pakistan,7300,79
93,harpalgeo,HAR PAL GEO,Other,31100000,Pakistan,3400,27
94,erosentertainment,Eros Now Music,Other,30900000,India,17700,476
95,Luis Fonsi,Luis Fonsi,Other,30900000,United States,19200,1500
96,SMTOWN,SMTOWN,Music & Dance,30700000,United States,312900,38400
97,juptube,Galinha Pintadinha,Music & Dance,30700000,Other,20900000,71900
98,MrBean,Mr Bean,Other,30600000,India,178300,3100
99,AllTrapNation,Trap Nation,Music & Dance,30500000,United States,89300,2400
100,Ricis Official,Ricis Official,Music & DanceMovies,30300000,Indonesia,542600,31200
101,tseriesoldisgold,Bollywood Classics,Music & Dance,30300000,India,29600,534
102,rajshri,Rajshri,Other,30100000,India,11800,110
103,AH,AH,Music & DanceMovies,29900000,Indonesia,736200,36600
104,latenight,The Tonight Show Starring Jimmy Fallon,MoviesHumor,29700000,United States,154900,4100
105,DisneyMusicVEVO,DisneyMusicVEVO,Music & DanceMovies,29700000,United States,34100,661
106,SpinninRec,Spinnin' Records,Music & Dance,29700000,United States,56500,2100
107,rezendeevil,rezendeevil,MoviesHumor,29700000,Brazil,304300,32300
108,qzMendShawqz,Shawn Mendes,Other,29500000,United States,0,0
109,SongsOfIndianCinema,Saregama Music,Music & Dance,29300000,India,30500,814
110,BabyBus - Kids Songs and Cartoons,BabyBus - Kids Songs and Cartoons,AnimationToys,29100000,Other,880300,3500
111,xoxxxoooxo,The Weeknd,Music & Dance,28700000,United States,465000,42600
112,jacksepticeye,jacksepticeye,Video games,28500000,United States,1800000,117400
113,UltraRecords,Ultra Music,Music & Dance,28500000,United States,21100,821
114,ImagineDragons,ImagineDragons,Music & Dance,28300000,United States,311800,19200
115,Jingle Toons,Jingle Toons,Other,28200000,India,428100,3000
116,WWRBhojpuri,Worldwide Records Bhojpuri,Music & Dance,28200000,India,55100,1500
117,toyoraljanahtv,قناة طيور الجنة | toyoraljanahtv,Music & Dance,27900000,Other,95600,0
118,theofficialpeppa,Peppa Pig - Official Channel,Toys,27900000,Other,974400,4500
119,TheLateLateShow,The Late Late Show with James Corden,AnimationHumor,27900000,United States,88600,2000
120,TalkingTomCat,Talking Tom,Other,27900000,United States,174000,3000
121,MrBeast Gaming,MrBeast Gaming,AnimationVideo games,27900000,United States,7300000,320600
122,Wow Kidz,Wow Kidz,AnimationHumor,27700000,Other,56800,549
123,Techno Gamerz,Techno Gamerz,Other,27600000,India,7100000,407400
124,PowerKids,PowerKids,MoviesAnimation,27500000,India,184600,0
125,Little Angel: Nursery Rhymes & Kids Songs,Little Angel: Nursery Rhymes & Kids Songs,Toys,27500000,Other,867500,3600
126,GMANETWORK,GMANetwork,Other,27300000,Philippines,8300,134
127,Karolgmusic,KAROL G,Music & Dance,27200000,Colombia,129400,12400
128,TheDonato,TheDonato,Other,27100000,Mexico,324700,36100
129,infobellstamil,infobells - Tamil,Education,26900000,Other,843000,3700
130,DrakeOfficial,Drake,Music & Dance,26700000,United States,1900000,33700
131,toypudding,ToypuddingTV,Other,26700000,India,21800,651
132,zeenews,Zee News,News & Politics,26400000,India,24900,537
133,MR. INDIAN HACKER,MR. INDIAN HACKER,Other,26400000,India,3400000,378900
134,taylorgangent,Wiz Khalifa,Music & Dance,26400000,United States,184400,14600
135,Bounce Patrol - Kids Songs,Bounce Patrol - Kids Songs,Music & Dance,26200000,Other,202400,1100
136,enchufetv,enchufetv,Other,26200000,Ecuador,776900,56300
137,infobellstelugu,infobells - Telugu,Education,26200000,Other,1100000,6500
138,TheDiamondMinecart,DanTDM,Video games,26200000,United States,1300000,63300
139,Genevieve's Playhouse - Learning Videos for Kids,Genevieve's Playhouse - Learning Videos for Kids,Toys,26200000,Other,432200,744
140,AboFlah,AboFlah,AnimationVideo games,26000000,Iraq,4300000,623800
141,WorldStarHipHopTV,WORLDSTARHIPHOP,Music & Dance,26000000,United States,51500,1700
142,adityamusic,Aditya Music,Music & Dance,25800000,India,36200,1200
143,Vlad và Nikita,Vlad và Nikita,MoviesHumor,25800000,Other,2800000,13700
144,Diana and Roma ESP,Diana and Roma ESP,Animation,25800000,Other,1700000,7100
145,VanossGaming,VanossGaming,AnimationVideo games,25800000,United States,1400000,59000
146,toycantando,toycantando,Music & DanceAnimation,25600000,Other,135700,621
147,व्लाद और निकिता,व्लाद और निकिता,Other,25600000,Other,818100,4700
148,LosPolinesios,LosPolinesios,Music & DanceMovies,25600000,Mexico,1600000,66500
149,1MILLION Dance Studio,1MILLION Dance Studio,Other,25400000,India,61100,3300
150,xSkyHeLLxx,Renato Garcia,MoviesAnimation,25400000,Brazil,998900,113700
151,TwiNboTzVids,Lucas and Marcus,AnimationHumor,25100000,United States,936000,28200
152,smosh,Smosh,MoviesHumor,25000000,United States,249500,17300
153,jypentertainment,JYP Entertainment,Music & Dance,25000000,United States,1800000,218500
154,nickelodeonjuniorfr,Nick Jr.,AnimationToys,25000000,Other,87400,285
155,beyonce,Beyoncé,Music & Dance,24800000,United States,15400000,561700
156,Jess No Limit,Jess No Limit,MoviesAnimation,24800000,Indonesia,329100,15100
157,WatchMojo,WatchMojo.com,Movies,24600000,United States,65200,2100
158,Las Ratitas,Las Ratitas,Other,24600000,Other,0,0
159,Super JoJo - Nursery Rhymes & Kids Songs,Super JoJo - Nursery Rhymes & Kids Songs,Animation,24400000,Other,556100,3200
160,davidguettavevo,David Guetta,Music & Dance,24400000,Brazil,144500,7000
161,LOENENT,1theK (원더케이),Other,24200000,Indonesia,17600,1500
162,NewOnNetflix,Netflix,MoviesAnimation,24000000,United States,370700,12100
163,postmalone,Post Malone,Music & Dance,24000000,United States,354800,15400
164,James Charles,James Charles,BeautyFashion,24000000,United States,787000,50300
165,Chloe Ting,Chloe Ting,FitnessHealth & Self Help,24000000,United States,204200,6300
166,NinjasHyper,Ninja,AnimationVideo games,24000000,United States,184200,9800
167,Masha y el Oso,Masha y el Oso,Animation,24000000,Other,985000,5600
168,Rans Entertainment,Rans Entertainment,Music & DanceHumor,24000000,Indonesia,861600,28800
169,adityacinema,Aditya Movies,Other,24000000,India,16300,296
170,Goldmines Dishoom,Goldmines Dishoom,Other,23900000,Other,32600,312
171,Raffy Tulfo in Action,Raffy Tulfo in Action,News & Politics,23600000,Philippines,600300,10900
172,Logan Paul,Logan Paul,Video gamesHumor,23600000,United States,0,0
173,Sandeep Maheshwari,Sandeep Maheshwari,Daily vlogs,23400000,India,1800000,109800
174,ChrisBrownTV,Chris Brown,Music & Dance,23400000,United States,794600,28500
175,ColdplayVEVO,Coldplay,Music & Dance,23400000,United States,43400,3800
176,Troom Troom,Troom Troom,AnimationToys,23200000,Other,459600,4400
177,DjSnakeTV,DJ Snake,Music & Dance,23200000,India,639200,34700
178,Diana and Roma HIN,Diana and Roma HIN,Other,23200000,Other,504900,3200
179,NickyJamTV,NickyJamTV,Music & DanceMovies,23200000,Colombia,138500,6900
180,TRANS7indonesia,TRANS7 OFFICIAL,Food & Drinks,23200000,Indonesia,4700,80
181,ABPLIVE,ABPLIVE,News & Politics,23200000,India,2200,23
182,Mister Max,Mister Max,DIY & Life Hacks,23000000,Russia,1700000,45400
183,SesameStreet,Sesame Street,Other,23000000,Other,167400,673
184,EnriqueIglesiasPlay,Enrique Iglesias,Music & Dance,22800000,United States,32500,3200
185,JellyYT,Jelly,Video games,22800000,United States,194100,9600
186,mildicasdemulher,Erlania e Valentina Pontes,Other,22600000,Brazil,337100,5400
187,netdmuzikk,netd müzik,Music & Dance,22600000,Turkey,13800,311
188,DrossRotzank,DrossRotzank,Other,22600000,Mexico,1600000,116400
189,shemaroomovies,Shemaroo Movies,Other,22400000,India,219000,1400
190,THECHAINSMOKERS,The Chainsmokers,Humor,22300000,United States,634700,18900
191,onemeeeliondollars,Mark Rober,Science & Technology,22200000,United States,13000000,584700
192,Frost Diamond,Frost Diamond,Music & DanceVideo games,22200000,Indonesia,685400,35000
193,Technical Guruji,Technical Guruji,Other,22200000,India,87100,6500
194,Goldmines Bollywood,Goldmines Bollywood,Other,22000000,India,21900,131
195,gmmgrammyofficial,GMM GRAMMY OFFICIAL,Music & Dance,22000000,Thailand,3200,63
196,Miss Katy,Miss Katy,Video games,22000000,Russia,1700000,25400
197,Smile Family,Smile Family,MoviesToys,22000000,Other,379500,2300
198,mmoshaya,mmoshaya,Other,22000000,Saudi Arabia,2400000,40400
199,Like Nastya AE,Like Nastya AE,Other,22000000,Other,477500,3500
200,WB Kids,WB Kids,MoviesAnimation,22000000,Other,50300,591
201,The Lallantop,The Lallantop,News & Politics,21800000,India,31500,717
202,Crazy XYZ,Crazy XYZ,Other,21800000,India,2800000,257800
203,VenusMovies,Venus Movies,Other,21800000,India,69700,639
204,HumNetwork,HUM TV,Other,21600000,Pakistan,2200,16
205,WHBBP,White Hill Music,Music & Dance,21600000,India,28400,1000
206,Paulo Londra,Paulo Londra,Music & Dance,21600000,Argentina,13400000,982900
207,TEDtalksDirector,TED,Other,21600000,United States,46000,1300
208,siavideos,Sia,Music & Dance,21600000,United States,79300,6900
209,AmericasGotTalent,America's Got Talent,Music & DanceMovies,21400000,United States,1200000,19100
210,Diana and Roma ARA,Diana and Roma ARA,Other,21400000,Other,1600000,10300
211,oRugrat,FaZe Rug,Video gamesHumor,21400000,United States,3300000,112500
212,PeppaLatinoAmericano,Peppa Pig Español Latino - Canal Oficial,Toys,21300000,Other,766700,4800
213,hamaarbhojiwood,Wave Music Bhojpuri,Music & Dance,21200000,India,11400,201
214,goldmineshindi,Goldmines Movies,Other,21100000,India,7900,70
215,PenIndiaPvtLimited,Pen Movies,MoviesAnimation,21000000,India,55700,1900
216,Tasty,Tasty,Food & Drinks,21000000,United States,245700,8700
217,BabyBus - Canciones Infantiles & Cuentos,BabyBus - Canciones Infantiles & Cuentos,MoviesAnimation,21000000,Other,124600,574
218,5-Minute Crafts DIY,5-Minute Crafts DIY,Music & DanceHumor,20900000,India,22700,403
219,SSundee,SSundee,Video games,20900000,United States,2000000,103800
220,FGTeeV,FGTeeV,AnimationVideo games,20800000,United States,1400000,17400
221,Baim Paula,Baim Paula,Music & DanceMovies,20800000,Indonesia,912900,38300
222,CanalCanalha,Canal Canalha,Sports,20800000,Brazil,1300000,201700
223,Juan De Dios Pantoja,Juan De Dios Pantoja,Daily vlogs,20800000,Mexico,4300000,286400
224,Like Nastya PRT,Like Nastya PRT,Other,20600000,Other,418000,2100
225,PrestonPlayz,Preston,AnimationVideo games,20600000,United States,4000000,88100
226,JakePaulProductions,Jake Paul,Fitness,20400000,United States,1200000,63600
227,CharliesVlogs,Charlie Puth,Music & Dance,20400000,United States,92300000,5800000
228,Goldmines Cineplex,Goldmines Cineplex,Other,20400000,India,7900,103
229,BuzzFeedVideo,BuzzFeedVideo,Food & Drinks,20400000,United States,27100,747
230,DisneyChannelLA,Disney Latinoamérica,Other,20400000,Other,28900,282
231,Kids TV - Nursery Rhymes And Baby Songs,Kids TV - Nursery Rhymes And Baby Songs,Toys,20400000,Other,119100,435
232,BeckyGOfficial,Becky G,Music & Dance,20400000,United States,55800,3000
233,TheEnaldinhO,Enaldinho,Movies,20400000,Brazil,478600,31500
234,Brave Wilderness,Brave Wilderness,Other,20200000,United States,1400000,51800
235,NationalGeographic,National Geographic,Other,20200000,United States,46500,1200
236,TheFineBros,REACT,Humor,20200000,United States,138800,5700
237,AuthenticGames,AuthenticGames,MoviesVideo games,20200000,Brazil,31900,3400
238,LazarBeam,LazarBeam,AnimationVideo games,20100000,United States,3400000,143500
239,VEVO,Vevo,Music & Dance,20000000,United States,5400,224
240,MrBeast en Español,MrBeast en Español,Other,20000000,Mexico,11500000,463400
241,SlivkiChanel,SlivkiShow,Video games,20000000,Russia,2100000,167500
242,5-Minute Crafts PLAY,5-Minute Crafts PLAY,Other,20000000,India,29500,252
243,starplus,StarPlus,Other,20000000,India,237200,4600
244,HaerteTest,HaerteTest,Other,20000000,India,65500,567
245,Brent Rivera,Brent Rivera,Video gamesHumor,19900000,United States,7500000,531900
246,rossbollinger,Pencilmation,AnimationHumor,19800000,United States,497300,5900
247,Mnet,Mnet K-POP,Music & DanceAnimation,19800000,United States,17300,1700
248,RotanaAudio,Rotana,Music & Dance,19800000,Saudi Arabia,331700,2400
249,UltraMovieParlour,Ultra Movie Parlour,Other,19700000,India,84900,808
250,GooodLifeFilms,Lyrical Lemonade,Other,19600000,United States,2900000,242300
251,D Billions,D Billions,Other,19600000,Other,1100000,1500
252,Noor Stars,Noor Stars,MoviesHumor,19400000,Iraq,1400000,118200
253,toyorbabytv,toyorbabytv,Music & Dance,19400000,Other,94900,0
254,TelenovelaTelevisa,Tlnovelas,Other,19400000,Mexico,4200,134
255,shfa show India,shfa show India,Daily vlogs,19400000,Other,1700000,13000
256,Vlad and Niki Arabic,Vlad and Niki Arabic,Other,19400000,Other,1300000,8100
257,gottalentglobal,Got Talent Global,Other,19400000,United States,132900,2100
258,MrVivekBindra,Dr. Vivek Bindra: Motivational Speaker,Education,19400000,India,399500,22100
259,romeo,Romeo Santos,Music & Dance,19300000,United States,429800,11300
260,MARVEL,Marvel Entertainment,MoviesAnimation,19200000,United States,246900,13800
261,gordonramsay,Gordon Ramsay,Food & DrinksHealth & Self Help,19200000,United States,154600,4700
262,Infinite,Infinite,Video gamesHumor,19200000,United States,1700000,55700
263,Troom Troom Es,Troom Troom Es,Other,19200000,Mexico,139400,2600
264,Gusttavo Lima Oficial,Gusttavo Lima Oficial,Music & Dance,19200000,Brazil,0,0
265,gmapublicaffairs,GMA Public Affairs,News & Politics,19200000,Philippines,7400,101
266,DLS News,DLS News,News & Politics,19000000,India,69700,2300
267,fatosdesconhecidos,Fatos Desconhecidos,Science & Technology,19000000,Brazil,167100,15500
268,Crafty Panda,Crafty Panda,Music & Dance,19000000,India,64900,535
269,RobinHoodGamer1,Robin Hood Gamer,AnimationVideo games,19000000,Brazil,961400,77600
270,corbuzierprediction,Deddy Corbuzier,Other,19000000,Indonesia,3200000,73300
271,NBA,NBA,Sports,19000000,United States,76600,3000
272,LankyBox,LankyBox,Video games,19000000,United States,708600,11000
273,Kinder Spielzeug Kanal,Kinder Spielzeug Kanal,AnimationToys,19000000,Other,245400,1300
274,★ Kids Roma Show,★ Kids Roma Show,AnimationToys,18800000,Other,860800,4900
275,The ACE Family,The ACE Family,Humor,18800000,United States,1200000,46900
276,OfficialClashOfClans,Clash of Clans,MoviesAnimation,18800000,United States,3800000,78200
277,JimmyKimmelLive,Jimmy Kimmel Live,Movies,18800000,United States,139700,3800
278,Kurzgesagt,Kurzgesagt – In a Nutshell,Education,18800000,United States,4900000,340400
279,Eva Bravo Play,Eva Bravo Play,Other,18700000,Other,414700,2800
280,Lil Nas X,Lil Nas X,Music & Dance,18600000,United States,334500,25600
281,BritainsGotTalent09,Britain's Got Talent,Music & DanceMovies,18600000,United Kingdom,80400,1600
282,TheWillyrex,TheWillyrex,Other,18600000,Spain,41500,2300
283,TRT Originals Urdu,TRT Originals Urdu,Other,18600000,Pakistan,301400,13300
284,greengoldtv,Green Gold TV - Official Channel,Other,18400000,Other,442400,3600
285,Netflix India,Netflix India,Other,18400000,India,150400,4000
286,icreateddisco,Calvin Harris,Music & Dance,18400000,United States,473800,16500
287,Cardi B,Cardi B,Music & Dance,18400000,United States,517400,28600
288,Sun TV,Sun TV,Other,18400000,India,178200,3000
289,sonotekvideo,Sonotek,Music & Dance,18200000,India,122700,543
290,PinkPanther,Official Pink Panther,MoviesAnimation,18200000,Other,674600,4900
291,Unbox Therapy,Unbox Therapy,Science & Technology,18200000,United States,1100000,8400
292,Ninja Kidz TV,Ninja Kidz TV,Video games,18200000,United States,793900,18800
293,HiMan,HiMan,Video games,18200000,Russia,3200000,166700
294,CookieSwirlC,CookieSwirlC,Video games,18200000,United States,510500,3800
295,turmadamonicaTV,Turma da Mônica,Other,18200000,Other,110300,1100
296,kbsworld,KBS WORLD TV,Other,18200000,Indonesia,8500,264
297,Beast Reacts,Beast Reacts,Other,18100000,United States,10800000,326600
298,INCRÍVEL,INCRÍVEL,Animation,18000000,Other,23200,1100
299,MiawAug,MiawAug,Video games,18000000,Indonesia,889600,39800
300,PDKFilms,PDK Films,MoviesAnimation,18000000,United States,1700000,35900
301,Мирошка ТВ,Мирошка ТВ,Other,18000000,United States,14600,81
302,DanielSaboya,Dan-Sa / Daniel Saboya,Music & DanceAnimation,18000000,Brazil,42400,1600
303,GEN HALILINTAR,GEN HALILINTAR,Music & DanceHumor,18000000,Indonesia,983200,26400
304,TheOdd1sOut,TheOdd1sOut,MoviesAnimation,18000000,United States,6000000,404500
305,BabyBus - Cerita & Lagu Anak-anak,BabyBus - Cerita & Lagu Anak-anak,MoviesHumor,18000000,Other,292700,1400
306,ElTrollino,ElTrollino,AnimationVideo games,18000000,Mexico,3000000,95600
307,Lele Pons,Lele Pons,MoviesHumor,17800000,United States,38100,2000
308,farrukotv,Farruko,Music & Dance,17800000,United States,92900,7000
309,Emiway Bantai,Emiway Bantai,Music & Dance,17800000,India,6200000,499500
310,therealdemilovato,Demi Lovato,Music & Dance,17800000,United States,55700,6900
311,invictorgs3,invictor,AnimationVideo games,17800000,Mexico,1300000,56700
312,The Royalty Family,The Royalty Family,Humor,17800000,United States,3400000,110700
313,Matroix,Ali-A,Video games,17800000,United States,625600,23500
314,rhettandlink2,Good Mythical Morning,Food & Drinks,17800000,United States,1100000,34200
315,Naisa Alifia Yuriza (N.A.Y),Naisa Alifia Yuriza (N.A.Y),Music & DanceMovies,17800000,Indonesia,802900,33700
316,Lil Pump,Lil Pump,Music & Dance,17800000,United States,770600,41300
317,Like Nastya Vlog,Like Nastya Vlog,Daily vlogs,17800000,Other,497600,2200
318,TheElenaYa,Diana and Roma EN,AnimationToys,17800000,Other,474000,2400
319,A_S Gaming,A_S Gaming,Other,17700000,India,501900,46400
320,dj47maryn,Marmok,AnimationVideo games,17600000,Russia,3500000,335700
321,Vania Mania Kids,Vania Mania Kids,AnimationToys,17600000,Other,722800,1900
322,TheGrefg,TheGrefg,AnimationVideo games,17600000,Spain,1200000,101600
323,SCTVIndonesia,SCTV,Music & DanceMovies,17600000,Indonesia,13400,293
324,SockeyeMedia,Mother Goose Club Playhouse,Music & Dance,17600000,Other,76600,164
325,FactTechz,FactTechz,Other,17500000,India,662600,55900
326,rsiammusic,RsiamMusic : อาร์สยาม,Music & Dance,17500000,Thailand,9200,216
327,Heidi & Zidane बच्चों की कहानियाँ,Heidi & Zidane बच्चों की कहानियाँ,Daily vlogs,17500000,Other,253500,1200
328,Little Angel Español - Canciones Infantiles,Little Angel Español - Canciones Infantiles,Animation,17500000,Other,624200,3700
329,ThePoznavatel,Познаватель,ToysDIY & Life Hacks,17500000,Russia,3800000,57700
330,Stubborn Facts,Stubborn Facts,Other,17300000,India,44900,2500
331,portadosfundos,Porta dos Fundos,MoviesAnimation,17300000,Brazil,745700,78600
332,SebastianYatra,Sebastián Yatra,Music & Dance,17300000,Colombia,16700,1300
333,RobleisIUTU,RobleisIUTU,MoviesAnimation,17300000,Argentina,935600,55000
334,Vlad and Niki IDN,Vlad and Niki IDN,Music & DanceMovies,17300000,Other,745400,1800
335,officialpsy,officialpsy,Music & Dance,17300000,United States,282000,14400
336,etvteluguindia,etvteluguindia,Other,17200000,India,13400,148
337,Village Cooking Channel,Village Cooking Channel,Other,17200000,India,3900000,172300
338,aMOODIEsqueezie,SQUEEZIE,Other,17100000,France,5900000,476000
339,Willyrex,Willyrex,Video games,17100000,Mexico,142800,8900
340,TEDEducation,TED-Ed,Science & Technology,17100000,United States,338600,15100
341,STARVIJAY,Vijay Television,Other,17100000,India,307400,6300
342,Masha e o Urso,Masha e o Urso,Other,17100000,Other,589500,3800
343,Gaby and Alex,Gaby and Alex,Toys,17100000,Other,310100,382
344,HowToBasic,HowToBasic,Food & Drinks,17100000,United States,679800,45900
345,grammygoldofficia,Grammy Gold Official,Music & Dance,17100000,Thailand,15300,540
346,Kids Channel India - Hindi Rhymes and Baby Songs,Kids Channel India - Hindi Rhymes and Baby Songs,Education,17100000,Other,105200,824
347,SUPER SLICK SLIME SAM,SUPER SLICK SLIME SAM,Other,16900000,Mexico,367200,9900
348,aynakoitsroi,Guava Juice,Other,16900000,United States,201700,3800
349,musicalrmastv,الـريماس - Al-Remas,Music & Dance,16900000,Iraq,196300,4600
350,Kiddiestv Hindi - Nursery Rhymes & Kids Songs,Kiddiestv Hindi - Nursery Rhymes & Kids Songs,Education,16900000,Other,36100,211
351,ArabGamesNetwork,شبكة العاب العرب | Arab Games Network,Other,16900000,Algeria,289000,24800
352,JasonDerulo,Jason Derulo,Music & Dance,16800000,United States,51300,3400
353,IGNentertainment,IGN,Other,16700000,United States,58100,1400
354,Rafa & Luiz,Rafa & Luiz,Video games,16700000,Brazil,553000,34500
355,Tu COSMOPOLIS,Tu COSMOPOLIS,News & Politics,16700000,Mexico,99100,7600
356,Jane ASMR 제인,Jane ASMR 제인,Daily vlogs,16700000,United States,381000,7000
357,हिंदी - Genevieve's Playhouse,हिंदी - Genevieve's Playhouse,Education,16700000,Other,2000000,16200
358,jquintanac5,DeToxoMoroxo,MoviesAnimation,16700000,Mexico,480300,19700
359,AnittaOficial,Anitta,Music & Dance,16700000,Brazil,36000,3600
360,Triggered Insaan,Triggered Insaan,Humor,16500000,India,7000000,759000
361,TheBrianMaps,TheBrianMaps,Video gamesHumor,16500000,Russia,3200000,255400
362,iberethenorio,Manual do Mundo,Science & Technology,16400000,Brazil,375800,44600
363,IDEAS EN 5 MINUTOS,IDEAS EN 5 MINUTOS,Other,16400000,Mexico,32900,369
364,Junya Official Channel,Junya Official Channel,Other,16400000,Japan,399000,2300
365,monstafluffmusicTV,7clouds,Music & Dance,16300000,United States,131500,2400
366,zbingzbing,zbing z.,AnimationVideo games,16300000,Thailand,608100,18700
367,DUDU e CAROL,DUDU e CAROL,Other,16300000,Brazil,1400000,153500
368,ppextras,ExtraPolinesios,Daily vlogs,16300000,Mexico,54200,4300
369,SonyMusicSouthVEVO,SonyMusicSouthVEVO,Music & Dance,16300000,Other,714900,17200
370,Antrax,Antrax,Video games,16100000,Mexico,1600000,95200
371,tanboy kun,tanboy kun,Music & Dance,16100000,Indonesia,1700000,57500
372,Prajapati News,Prajapati News,Other,16100000,India,30100,1500
373,Sandra Cires Art,Sandra Cires Art,Other,16100000,Colombia,1100000,69700
374,queenofficial,Queen Official,Music & DanceMovies,16100000,United States,167100,9200
375,Dhar Mann,Dhar Mann,Health & Self Help,16100000,United States,5900000,121400
376,SOMOY TV,SOMOY TV,Daily vlogs,16100000,Bangladesh,7700,163
377,Goldmines Great Indian Comedy,Goldmines Great Indian Comedy,Other,16100000,India,11200,113
378,lescopaque,Les' Copaque Production,Other,16100000,Indonesia,27900,400
379,MatthewPatrick13,The Game Theorists,Science & Technology,16000000,United States,1900000,113100
380,Camila Cabello,Camila Cabello,Music & DanceMovies,15900000,United States,323800,19700
381,TRANSTVofficial,TRANS TV Official,Music & Dance,15900000,Indonesia,970,13
382,Sourav Joshi Vlogs,Sourav Joshi Vlogs,Daily vlogs,15900000,India,5600000,524100
383,Blippi - Educational Videos for Kids,Blippi - Educational Videos for Kids,EducationToys,15900000,Other,1600000,5100
384,DopeLyrics,DopeLyrics,Music & Dance,15900000,United States,12400,408
385,boyceavenue,Boyce Avenue,Music & Dance,15900000,Brazil,209900,5900
386,failarmy,FailArmy,AnimationHumor,15900000,United States,2100000,19600
387,Aayu and Pihu Show,Aayu and Pihu Show,MoviesHumor,15900000,India,3800000,91500
388,Apple,Apple,Music & DanceAnimation,15900000,Other,2500000,20100
389,marquesbrownlee,Marques Brownlee,Science & Technology,15900000,United States,2000000,93700
390,vice,VICE,News & Politics,15900000,United States,409700,7800
391,El Reino a Jugar,El Reino a Jugar,EducationToys,15900000,Other,509800,1700
392,Kaykai Salaider,Kaykai Salaider,MoviesHumor,15900000,Thailand,1000000,62100
393,Kids Play,Kids Play,Other,15900000,Other,57700,442
394,Sony AATH,Sony AATH,Other,15700000,Bangladesh,93900,1200
395,rkddigital,RKD Studios,Other,15700000,India,62300,914
396,movieclipsTRAILERS,Movieclips Trailers,MoviesAnimation,15700000,United States,61200,1000
397,JenniferLopez,Jennifer Lopez,Music & DanceMovies,15700000,Other,304000,11100
398,MegatoadStonie,Matt Stonie,Food & Drinks,15700000,United States,2100000,122500
399,Zappy Toons - Hindi Nursery Rhymes and Stories,Zappy Toons - Hindi Nursery Rhymes and Stories,Education,15700000,Other,131100,707
400,PitbullMusic,Pitbull,Music & Dance,15700000,United States,82900,4100
401,Ivana Alawi,Ivana Alawi,Daily vlogs,15700000,Philippines,4300000,203800
402,indiancomedy,Shemaroo Comedy,Other,15700000,India,72600,781
403,AMARINTV : อมรินทร์ทีวี,AMARINTV : อมรินทร์ทีวี,News & Politics,15700000,Thailand,9300,118
404,Jason Vlogs,Jason Vlogs,AnimationToys,15700000,Other,484300,1300
405,Sidemen,Sidemen,Video gamesHumor,15600000,United Kingdom,7900000,366100
406,Katie Angel,Katie Angel,Other,15600000,Mexico,708600,65300
407,Dyland PROS,Dyland PROS,MoviesAnimation,15500000,Indonesia,65300,4100
408,popchartbusters,Pop Chartbusters,Music & Dance,15500000,India,11900,422
409,RomanAtwoodVlogs,Roman Atwood Vlogs,MoviesHumor,15500000,United States,384900,19100
410,AdMe,AdMe,Animation,15500000,Russia,32700,1200
411,Fede Vigevani,Fede Vigevani,Other,15500000,Mexico,3600000,258500
412,KSIOlajidebtHD,JJ Olatunji,Other,15500000,United States,5400000,401100
413,OGatoGalactico,Gato Galactico | GALÁXIA,Animation,15400000,Brazil,90800,4000
414,Sidhu Moose Wala,Sidhu Moose Wala,Music & Dance,15400000,India,33800000,3500000
415,portalfitdance,FitDance,Music & Dance,15300000,Other,30800,993
416,wifistudy,wifistudy,Education,15300000,India,7700,533
417,Oyuncak Avı,Oyuncak Avı,Other,15300000,Other,55200,0
418,Dushyant kukreja,Dushyant kukreja,Other,15300000,India,6500000,426500
419,RCTI - LAYAR DRAMA INDONESIA,RCTI - LAYAR DRAMA INDONESIA,Music & DanceMovies,15300000,Indonesia,24700,394
420,CamiloMusicaVideo,Camilo,Music & Dance,15300000,Colombia,161700,9000
421,News24page,News24,News & Politics,15300000,India,6900,106
422,Kerajinan 5-Menit,Kerajinan 5-Menit,Music & Dance,15100000,Indonesia,21800,212
423,TheRichest,TheRichest,News & Politics,15100000,United States,21300,813
424,LOKESH GAMER,LOKESH GAMER,Other,15100000,India,510200,53500
425,SAM SMITH,SAM SMITH,Other,15100000,United States,24500,2800
426,SriBalajiMovies,SriBalajiMovies,Other,15100000,India,8100,74
427,With Kids[위드키즈],With Kids[위드키즈],Other,15100000,United States,172400,0
428,T3DDYgames,T3ddy,Daily vlogs,15100000,Brazil,854500,92500
429,حِرف إبداعية في 5 دقائق,حِرف إبداعية في 5 دقائق,Other,15100000,Egypt,37800,483
430,Smile Family Spanish,Smile Family Spanish,Animation,15100000,Other,431900,3000
431,ntvru,НТВ,News & Politics,15000000,Russia,82300,901
432,makeuplocalypse,Mariale,Other,15000000,Mexico,226000,10700
433,ranziscool,Ranz Kyle,Humor,14900000,Philippines,647500,25700
434,TalkingFriends,Talking Tom & Friends,AnimationHumor,14900000,United States,386500,3100
435,5-Minute Crafts FAMILY,5-Minute Crafts FAMILY,Other,14900000,United States,21700,232
436,popskids,POPS Kids,Animation,14900000,Indonesia,2300,15
437,Makiman131,Makiman131,MoviesAnimation,14900000,Spain,330900,21400
438,Like Nastya IDN,Like Nastya IDN,Music & DanceMovies,14900000,Other,111200,0
439,kwebbelkop,Kwebbelkop,AnimationVideo games,14900000,United States,99800,2600
440,bbtvch7,Ch7HD,Other,14900000,Thailand,10600,181
441,newvolgavideo,Volga Video,Other,14900000,India,3900,33
442,hejproducao,Henrique e Juliano,Music & Dance,14900000,Brazil,60800,2700
443,RiotGamesInc,League of Legends,MoviesAnimation,14900000,United States,539100,24600
444,Super Senya,Super Senya,AnimationToys,14900000,Other,13800,104
445,LEGO,LEGO,Animation,14900000,United States,25900,433
446,Dave and Ava - Nursery Rhymes and Baby Songs,Dave and Ava - Nursery Rhymes and Baby Songs,Education,14900000,Other,269000,1100
447,Lachlan,Lachlan,Video games,14900000,United States,667300,27900
448,La Rosa de Guadalupe,La Rosa de Guadalupe,Other,14700000,Mexico,17700,446
449,Niana Guerrero,Niana Guerrero,Music & DanceHumor,14700000,Philippines,478200,18900
450,IDEIAS INCRÍVEIS,IDEIAS INCRÍVEIS,Other,14700000,Brazil,14800,303
451,zncoficial,Zé Neto e Cristiano,Other,14700000,Brazil,0,0
452,laharimusic,Lahari Music | T-Series,Music & Dance,14700000,India,11400,301
453,Like Nastya VNM,Like Nastya VNM,Other,14700000,Other,484600,0
454,LinusTechTips,Linus Tech Tips,Science & Technology,14700000,United States,1400000,60800
455,iTownGamePlay,iTownGamePlay *Terror&Diversión*,News & Politics,14700000,Mexico,342200,11800
456,GMMTVSPOTLIKE,GMMTV OFFICIAL​​,Music & DanceMovies,14700000,Thailand,26300,631
457,majorlazer,Major Lazer Official,Music & DanceMovies,14700000,United States,0,0
458,mkmusicnews,MK MUSIC,Music & Dance,14700000,Brazil,27000,1300
459,LEGENDA FUNK,LEGENDA FUNK,Music & DanceAnimation,14700000,Brazil,7000,371
460,Planeta das Gêmeas,Planeta das Gêmeas,Toys,14700000,Other,415300,20600
461,Alejo Igoa,Alejo Igoa,DIY & Life Hacks,14600000,Argentina,7500000,173500
462,XpressTV,XpressTV,Science & Technology,14500000,Mexico,1900000,50200
463,حقائق وأسرار,حقائق وأسرار,Other,14500000,Egypt,35000,1300
464,Daftar Populer,Daftar Populer,News & Politics,14500000,Indonesia,96600,2300
465,ndtvindia,NDTV India,News & Politics,14500000,India,18700,477
466,FueledByRamen,Fueled By Ramen,Other,14500000,United States,575500,17800
467,Bizarrap,Bizarrap,Music & DanceMovies,14500000,Argentina,0,0
468,Maha Fun Tv,Maha Fun Tv,Other,14500000,India,0,0
469,MattyBRaps,MattyBRaps,Music & DanceMovies,14500000,United States,1600000,7800
470,jemproducoes,Jorge & Mateus Oficial,Music & Dance,14500000,Brazil,32900,3600
471,Drawblogs,Drawblogs,MoviesAnimation,14500000,Mexico,160600,3900
472,collegehumor,CollegeHumor,MoviesHumor,14500000,United States,628700,35100
473,Canal Nostalgia,Canal Nostalgia,Science & Technology,14500000,Other,358500,98500
474,MonsieurDream,Cyprien,MoviesAnimation,14500000,France,2300000,215000
475,chadwildclay,Chad Wild Clay,MoviesHumor,14500000,United States,2100000,40700
476,theslowmoguys,The Slow Mo Guys,Other,14500000,United States,1200000,62200
477,Mobile Legends: Bang Bang Official,Mobile Legends: Bang Bang Official,MoviesAnimation,14500000,Indonesia,177100,2500
478,Super Polina,Super Polina,Other,14500000,Russia,9100,74
479,bbchindi,BBC News Hindi,News & Politics,14400000,India,162200,0
480,Johny FamilyShow,Johny FamilyShow,Music & DanceToys,14300000,Other,78200,341
481,Arif muhammad,Arif muhammad,Music & DanceMovies,14300000,Indonesia,2900000,83900
482,thairathonline,Thairath Online,News & Politics,14300000,Thailand,17100,219
483,News18 India,News18 India,News & Politics,14300000,India,6000,82
484,MartinGarrix,Martin Garrix,Music & Dance,14300000,United States,46400,1800
485,alanalan9635,Stokes Twins,Video gamesHumor,14300000,United States,13700000,567400
486,BollywoodClassics,Bollywood Classics,Music & Dance,14300000,India,10800,182
487,And TV,And TV,Other,14300000,India,895,21
488,TeamFilmsBhojpuri,Team Films Bhojpuri,Music & DanceMovies,14300000,India,21200,476
489,elcanaldePlimPlim,Plim Plim - Kids Songs & Episodes - Spanish ,Music & Dance,14300000,Other,399900,3700
490,MrBeast Shorts,MrBeast Shorts,Daily vlogs,14300000,United States,11400000,836500
491,Genierock,Genierock,Music & Dance,14300000,Thailand,51200,918
492,PlayStation,PlayStation,Other,14300000,United States,35400,1100
493,Gyan Gamingㅤ,Gyan Gamingㅤ,Other,14300000,India,390300,42400
494,OfficialTrapCity,Trap City,Music & Dance,14300000,United States,31700,1700
495,narendramodionline,NMF News,News & Politics,14300000,India,14800,325
496,Technoblade,Technoblade,Video games,14200000,United States,67500000,7600000
497,Zach King,Zach King,MoviesHumor,14100000,United States,475900,29000
498,MRamadanOfficial,Mohamed Ramadan I محمد رمضان,Other,14100000,Egypt,18900000,130700
499,Dangal TV Channel,Dangal TV Channel,Other,14100000,India,43200,354
500,TWICE,TWICE,Music & DanceMovies,14100000,Philippines,1200000,95500
501,#Refugio Mental,#Refugio Mental,Movies,14100000,Argentina,527600,5700
502,inventonahoratv,Invento na Hora,AnimationHumor,14100000,Brazil,1100000,134300
503,camilaloures,Camila Loures,MoviesHumor,14100000,Brazil,304900,24800
504,Wow Kidz Action,Wow Kidz Action,Other,14100000,Other,117500,1200
505,pognalishow,Дима Масленников,Video games,14100000,Russia,4500000,402000
506,CH8vdo,ช่อง8 : Thai Ch8,Other,14100000,Thailand,5800,81
507,CNN,CNN,Music & DanceAnimation,14100000,United States,203600,3300
508,F2Freestylers,F2Freestylers - Ultimate Soccer Skills Channel,Sports,14100000,United Kingdom,425400,17000
509,MasterskayaNastroeny,Мастерская Настроения,MoviesVideo games,14100000,Russia,323500,8100
510,Zach Choi ASMR,Zach Choi ASMR,Daily vlogs,14100000,United States,840600,34900
511,Anasala I أنس و أصالة ,Anasala I أنس و أصالة ,Other,14100000,Egypt,2600000,186400
512,TheABSCBNNews,ABS-CBN News,News & Politics,13900000,Philippines,4300,44
513,Daily Dose Of Internet,Daily Dose Of Internet,Animals & Pets,13900000,United States,5900000,273800
514,Unspeakable,Unspeakable,Video gamesHumor,13900000,United States,6500000,86400
515,zeefilmimusic,Zee Music Classic,Music & Dance,13900000,India,45300,599
516,Doc Tops,Doc Tops,Animation,13900000,Mexico,793500,36300
517,AM3NlC,AM3NlC,Food & Drinks,13900000,Brazil,210200,24600
518,NikkieTutorials,NikkieTutorials,Design/artBeauty,13900000,United States,347700,23000
519,O Canal do Joãozinho - Little Angel Português,O Canal do Joãozinho - Little Angel Português,Animation,13900000,Other,834100,4600
520,bomberball,Bie The Ska,Other,13900000,Thailand,779400,23700
521,DM - Desi Melodies,DM - Desi Melodies,Music & Dance,13900000,India,316100,5700
522,UFC,UFC - Ultimate Fighting Championship,Sports,13900000,United States,106700,2400
523,A2 Motivation by {Arvind Arora},A2 Motivation by {Arvind Arora},Other,13900000,India,407000,47800
524,mispastelitosyoutub,Mis Pastelitos,Food & Drinks,13900000,Mexico,1200000,35000
525,Трум Трум,Трум Трум,HumorToys,13900000,Other,468200,6000
526,Fun For Kids TV - Hindi Rhymes,Fun For Kids TV - Hindi Rhymes,Other,13800000,Other,239600,1400
527,YOLO AVENTURAS,YOLO AVENTURAS,Other,13800000,Colombia,1500000,109800
528,Kuplinov ► Play,Kuplinov ► Play,Video games,13700000,Russia,1900000,147500
529,ChallengeAcceptedInc,Aphmau,AnimationVideo games,13700000,United States,3600000,76900
530,dangmattsmith,Dang Matt Smith,AnimationHumor,13700000,Other,219000,6500
531,WWWengie,Wengie,DIY & Life Hacks,13700000,United States,67000,3800
532,EdisonPts,EdisonPts,Video games,13700000,Russia,1800000,130400
533,vetealaversha,Darkar Company Studios,AnimationVideo games,13700000,Mexico,0,0
534,Taarak Mehta Ka Ooltah Chashmah,Taarak Mehta Ka Ooltah Chashmah,Other,13700000,India,491900,6500
535,MAIKI021,MAIKI021,MoviesAnimation,13700000,Brazil,19600,3300
536,Blippi Español,Blippi Español,ToysEducation,13700000,Other,370600,1800
537,LIV Crime,LIV Crime,Daily vlogs,13700000,India,316700,3100
538,NOBRU,NOBRU,Video gamesToys,13700000,Brazil,359700,40000
539,RosannaPansino,Rosanna Pansino,DIY & Life Hacks,13700000,United States,1500000,28900
540,TazerCraft,TazerCraft,MoviesAnimation,13700000,Brazil,451200,33300
541,Auron,Auron,Video games,13700000,Mexico,1600000,107500
542,MNCTVOfficial,MNCTV OFFICIAL ,Music & Dance,13700000,Indonesia,5500,119
543,fcbarcelona,FC Barcelona,Sports,13500000,United States,130700,9700
544,The World Adventures हिन्दी,The World Adventures हिन्दी,Daily vlogs,13500000,Other,24800,1300
545,Hongyu ASMR 홍유,Hongyu ASMR 홍유,ASMR,13500000,United States,1700000,17600
546,MazhavilManorama,Mazhavil Manorama,Other,13500000,India,19600,248
547,crashcourse,CrashCourse,Science & Technology,13500000,United States,27600,1300
548,gmmchannel,GMM25Thailand,Other,13500000,Thailand,2900,36
549,Dan Rhodes,Dan Rhodes,AnimationToys,13500000,India,544700,54700
550,infobells,infobells,AnimationToys,13500000,Other,17100,103
551,Kurt Hugo Schneider,Kurt Hugo Schneider,Other,13500000,United States,369600,2000
552,Zig & Sharko,Zig & Sharko,Other,13500000,Other,208000,1600
553,SrtaLynaV,Lyna,MoviesAnimation,13500000,Mexico,405600,28600
554,boplayhard,PlayHard,Other,13500000,Brazil,479900,50100
555,AzzyLand,AzzyLand,Animation,13400000,United States,210700,7500
556,Online Job,Online Job,Other,13300000,India,7100,310
557,ZEE5,ZEE5,Other,13300000,India,1500,21
558,H2ODelirious,H2ODelirious,AnimationVideo games,13300000,United States,137800,8300
559,GallinaPintadita,Gallina Pintadita,Animation,13300000,Other,870500,3100
560,Aadishakti Films,Aadishakti Films,Music & Dance,13300000,Other,35400,900
561,Narins Beauty,Narins Beauty,Other,13300000,Iraq,2400000,202300
562,FAPtivi,FAPTV,AnimationHumor,13300000,United States,1400000,20700
563,Kim Loaiza,Kim Loaiza,Music & Dance,13300000,Mexico,19000000,979100
564,TV Ana Emilia,TV Ana Emilia,Other,13300000,Mexico,194200,11000
565,telemundotv,Telemundo,Other,13300000,Argentina,5100,72
566,ABCNews,ABC News,News & Politics,13300000,United States,6500,86
567,5-Minute Crafts Recycle,5-Minute Crafts Recycle,Other,13300000,India,56500,476
568,AtlanticVideos,Atlantic Records,Music & Dance,13300000,United States,0,0
569,MyMissAnand,MyMissAnand,MoviesHumor,13300000,India,2300000,73100
570,MY FAMILY,MY FAMILY,Other,13300000,India,9400000,41700
571,iloveindianmakeup,Anaysa,MoviesHumor,13300000,India,535100,21400
572,Jake Fellman,Jake Fellman,Other,13300000,United States,589600,26600
573,JD Pantoja,JD Pantoja,Music & Dance,13200000,Mexico,903700,127900
574,Wish 107.5,Wish 107.5,Music & Dance,13200000,Philippines,122600,3300
575,Matheus Yurley,Matheus Yurley,Other,13100000,Brazil,58000,8100
576,theRadBrad,theRadBrad,Video games,13100000,United States,189500,10400
577,YOLO,YOLO,Other,13100000,Mexico,2100000,155200
578,The LaBrant Fam,The LaBrant Fam,Music & DanceHumor,13100000,United States,1300000,37300
579,Vlad and Niki ARA,Vlad and Niki ARA,Other,13100000,Other,443000,3500
580,The Q,The Q,Other,13100000,United States,36900000,408400
581,Busy Fun Ltd,Busy Fun Ltd,Other,13100000,India,9100000,40500
582,Desi Gamers,Desi Gamers,Other,13100000,India,564300,85500
583,123 GO! Spanish,123 GO! Spanish,Animation,13100000,Mexico,319900,4300
584,PrestonPlayz,PrestonPlayz,AnimationVideo games,13100000,United States,2200000,44500
585,SRKASSAMESE,SRK MUSIC,Music & Dance,13100000,India,45100,1800
586,The Shiny Peanut,The Shiny Peanut,Other,12900000,Indonesia,28000,614
587,djzoi0,Everson Zoio,MoviesAnimation,12900000,Brazil,256600,36500
588,ETV Jabardasth,ETV Jabardasth,Other,12900000,India,112100,2100
589,Zhong,Zhong,Other,12900000,United States,3800000,215500
590,MattSDance,Matt Steffanina,Music & DanceMovies,12900000,United States,176700,8300
591,PozzitifonShow,Поззи,Video games,12900000,Russia,732100,34500
592,DALLMYD,DALLMYD,Mystery,12900000,United States,375000,17100
593,MrSuicideSheep,MrSuicideSheep,Other,12900000,United States,77000,3600
594,JDCav24,ATHLEAN-X™,FitnessHealth & Self Help,12900000,United States,307500,15300
595,NishaMadhulika,NishaMadhulika,Food & Drinks,12900000,India,162100,4200
596,O Que Não Dizer Oficial,O Que Não Dizer Oficial,MoviesAnimation,12900000,Brazil,426800,52900
597,twentyonepilots,twenty one pilots,Music & Dance,12900000,United States,14800,2300
598,typicalgamer,Typical Gamer,Video games,12900000,United States,489900,12400
599,Alex Gonzaga Official,Alex Gonzaga Official,Music & DanceHumor,12900000,Philippines,2800000,111000
600,RedeTVhdBrasil,RedeTV,News & Politics,12900000,Brazil,2800,93
601,MstrJames,Hacksmith,Video games,12700000,United States,284800,13400
602,Zeinab Harake,Zeinab Harake,Daily vlogs,12700000,Philippines,3000000,219100
603,Daniel LaBelle,Daniel LaBelle,Other,12700000,United States,18300000,584300
604,OReinho,O Reino Infantil,Music & Dance,12700000,Other,129300,639
605,#Refúgio Mental,#Refúgio Mental,MoviesAnimation,12700000,Brazil,272000,6400
606,The MriDul,The MriDul,Other,12700000,India,15200000,389300
607,zeetvtelugu,Zee Telugu,Other,12700000,India,8000,106
608,PowerfulJRE,PowerfulJRE,Daily vlogs,12700000,United States,647500,16500
609,1032010814,TKOR,DIY & Life Hacks,12700000,United States,71600,2000
610,Like Nastya Stories,Like Nastya Stories,Other,12700000,Other,105600,788
611,HusamYK,Katakit Baby TV,Music & Dance,12700000,Saudi Arabia,164700,1500
612,einerdtv,Ei Nerd,MoviesAnimation,12700000,Brazil,293000,42700
613,bbcnews,BBC News,News & Politics,12700000,United Kingdom,115300,1600
614,MusicTalentNow,Top Viral Talent,Other,12700000,United States,12500,286
615,أترو/Atro,أترو/Atro,Other,12700000,Iraq,531600,79000
616,BUDI01 GAMING,BUDI01 GAMING,MoviesAnimation,12700000,Indonesia,1500000,107400
617,ГЛЕНТ,ГЛЕНТ,Video games,12700000,Russia,2900000,209700
618,Health Time,Health Time,Daily vlogs,12700000,India,2500,97
619,Vlad and Niki ESP,Vlad and Niki ESP,Other,12600000,Other,473800,3100
620,MrSirpirriplin,Ami Rodriguez,Other,12500000,Colombia,2800000,339900
621,Coke Studio,Coke Studio,Music & DanceMovies,12500000,Pakistan,456100,6400
622,jazzghost1,Jazzghost,AnimationVideo games,12500000,Brazil,1000000,63200
623,htpunjabi,Lokdhun Punjabi,Music & Dance,12500000,India,2100000,34300
624,Blossom,Blossom,Other,12500000,United States,43000,1100
625,Lady Diana,Lady Diana,Music & Dance,12500000,Russia,1900000,69300
626,tseriesregional,T-Series Regional,Music & Dance,12500000,India,4200,96
627,hamaarbhojpuri,T-Series Hamaar Bhojpuri,Music & Dance,12500000,India,22400,592
628,JesseAndMike,JesseAndMike,Other,12500000,United States,775000,11900
629,Crescendo com Luluca,Crescendo com Luluca,Toys,12500000,Brazil,1100000,50500
630,Dear Sir,Dear Sir,Education,12500000,India,119300,8900
631,canalparafernalha,Parafernalha,Other,12500000,Brazil,36500,3100
632,BBC,BBC,Movies,12500000,United Kingdom,17300,367
633,Infobells Bangla,Infobells Bangla,Education,12500000,Other,147800,704
634,gymvirtual,gymvirtual,Music & Dance,12500000,Mexico,84200,3600
635,Knowledge Tv हिन्दी,Knowledge Tv हिन्दी,Education,12500000,India,47200,2400
636,Melon City Show - برنامج ولاية بطيخ,Melon City Show - برنامج ولاية بطيخ,Other,12500000,Iraq,256000,15800
637,awakeningrecords,Awakening Music,Music & Dance,12500000,Indonesia,19000,1200
638,AdexeOficial,Adexe & Nau,Music & Dance,12500000,Mexico,78900,6200
639,Piuzinho,Piuzinho,AnimationHumor,12500000,Brazil,441400,63000
640,MSA previously My Story Animated,MSA previously My Story Animated,AnimationHumor,12500000,United States,7700000,187700
641,GoldClassics,Goldmines Premiere,Other,12500000,Other,12500,222
642,React,People Vs Food,Food & Drinks,12500000,United States,537900,20600
643,zeebangla,Zee Bangla,Other,12500000,India,24700,337
644,RayWilliamJohnson,Ray William Johnson,AnimationHumor,12500000,United States,2800000,265900
645,rebeccazamolo1,Rebecca Zamolo,Video gamesHumor,12500000,United States,4100000,70800
646,Brawl Stars,Brawl Stars,Animation,12500000,United States,6500000,324000
647,Juliana Baltar,Juliana Baltar,MoviesHumor,12500000,Brazil,173000,11500
648,TalkingAngelaCat,Talking Angela,Music & Dance,12500000,United States,122600,2800
649,StudyIQ IAS,StudyIQ IAS,Education,12300000,India,9400,517
650,karameeshchannel,karameeshchannel,Music & Dance,12300000,Jordan,206600,2100
651,Kabita's Kitchen,Kabita's Kitchen,Other,12300000,India,331600,8800
652,DisneyChannelUK,DisneyChannelUK,MoviesHumor,12300000,Other,40000,402
653,Troom Troom PT,Troom Troom PT,Toys,12300000,Brazil,123700,2700
654,disneyjunior,Disney Junior,Music & Dance,12300000,Other,124200,362
655,Meghan Trainor,Meghan Trainor,Music & Dance,12300000,United States,19100,842
656,DJ Khaled,DJ Khaled,Other,12300000,United States,0,0
657,LOUD,LOUD,Other,12300000,Brazil,104800,8700
658,elliegoulding,elliegoulding,Music & Dance,12300000,United States,9900,801
659,Gibby :),Gibby :),Movies,12300000,Mexico,288400,12200
660,LittleBabyBumEspanol,Little Baby Bum en Español,Education,12300000,Other,79400,0
661,JustForLaughsTV,Just For Laughs Gags,Other,12300000,United States,43600,972
662,1veritasium,Veritasium,Science & Technology,12300000,United States,3300000,175700
663,Bela Bagunça,Bela Bagunça,MoviesAnimation,12300000,Brazil,0,0
664,OficialPeppa,Peppa Pig em Português Brasil - Canal Oficial,MoviesAnimation,12300000,Other,323300,3200
665,JOJO TV - Hindi Stories,JOJO TV - Hindi Stories,Other,12200000,India,100600,713
666,My Mate Nate,My Mate Nate,Other,12100000,Thailand,1600000,52700
667,Blockbuster Movies,Blockbuster Movies,Daily vlogs,12100000,India,163800,1400
668,KompasTVNews,KOMPASTV,News & Politics,12100000,Indonesia,6200,48
669,thinkmusicindia,Think Music India,Music & Dance,12100000,India,28600,1300
670,Mythpat,Mythpat,Other,12100000,India,2600000,246300
671,HZHtube Kids Fun,HZHtube Kids Fun,AnimationToys,12100000,Other,225600,1400
672,Sony Music South,Sony Music South,MoviesAnimation,12100000,India,510100,9300
673,FIFATV,FIFA,Sports,12100000,United States,46300,1900
674,whoisjimmy,How Ridiculous,Video games,12100000,United States,3100000,84700
675,ماشا و الدب,ماشا و الدب,Other,12100000,Other,1000000,9600
676,Davie504,Davie504,Other,12100000,United States,803300,66100
677,TheDodoSite,The Dodo,Animals & Pets,12100000,United States,446400,21000
678,NormanFaitDesVideos,NORMAN FAIT DES VIDÉOS,MoviesAnimation,12100000,France,500800,35900
679,TheDaniRep,DaniRep | +6 Vídeos Diarios De GTA 5 Online!,AnimationVideo games,12100000,Mexico,134200,8700
680,Troom Troom India,Troom Troom India,Other,12100000,India,207400,1600
681,Come Play With Me,Come Play With Me,Toys,12100000,Other,3200000,0
682,officialjassrecords,Jass Records,Music & Dance,12100000,India,33800,2000
683,Más SKabeche,Más SKabeche,Other,12100000,Mexico,3800000,217300
684,officialfuturevideos,Future,Music & Dance,12100000,United States,4300000,115500
685,Codiscos,Codiscos,Music & Dance,12100000,Other,27800,554
686,ndtv,NDTV,News & Politics,11900000,India,5600,80
687,Planet Earth INDIA,Planet Earth INDIA,Daily vlogs,11900000,India,35500,1800
688,DeGoBooM,DeGoBooM,MoviesAnimation,11900000,Mexico,581200,24700
689,Ice Cream Rolls,Ice Cream Rolls,Other,11900000,United States,51600,2000
690,Lulu99,Lulu99,Other,11900000,Colombia,595000,41300
691,KaKa Kids TV - Nursery Rhymes Kids Animated Songs,KaKa Kids TV - Nursery Rhymes Kids Animated Songs,Other,11900000,Other,3600,15
692,gmanews,GMA News,News & Politics,11900000,Philippines,7800,94
693,YairAuriazul,Yair17,MoviesAnimation,11900000,Mexico,474800,68300
694,colinfurze,colinfurze,Video games,11900000,United States,1700000,104300
695,TheInfographicsShow,The Infographics Show,Education,11900000,United States,305200,7700
696,Trakin Tech,Trakin Tech,News & Politics,11900000,India,348600,22800
697,Troom Troom Indonesia,Troom Troom Indonesia,Music & DanceMovies,11900000,Indonesia,150200,1300
698,Panda,Panda,AnimationToys,11900000,India,572200,67300
699,BanderitaX,BanderitaX,AnimationVideo games,11900000,Saudi Arabia,2200000,181800
700,Americanvogue,Vogue,Fashion,11900000,United States,185800,6700
701,jordanmatter,Jordan Matter,Music & DanceHumor,11900000,United States,11500000,180600
702,TTfue,Tfue,AnimationVideo games,11900000,United States,169800,7100
703,RaptorGamer,RaptorGamer,AnimationVideo games,11900000,Mexico,868300,39700
704,CHHOTU KI MASTI,CHHOTU KI MASTI,Other,11900000,India,2300000,20400
705,htbhakti,Sonotek Bhakti,Music & Dance,11900000,India,28500,210
706,EU FICO LOKO,EU FICO LOKO,Other,11900000,Brazil,14400,888
707,AvrilLavigne,Avril Lavigne,Music & Dance,11800000,United States,177000,14200
708,NichLmao,NichLmao,Daily vlogs,11800000,United States,4900000,353700
709,TastyCompot,Compot,Video games,11800000,Russia,1200000,56900
710,MBCMASR,MBC مصر,Other,11700000,Egypt,2000,25
711,geonews,Geo News,News & Politics,11700000,Pakistan,3800,53
712,TsMadaan,TsMadaan,Education,11700000,India,15200,1300
713,CNCO,CNCO,Music & Dance,11700000,Mexico,22200,5600
714,Kluna Tik,Kluna Tik,Other,11700000,United States,309400,4200
715,FrontaL Gaming,FrontaL Gaming,MoviesAnimation,11700000,Other,190900,13100
716,Yudist Ardhana,Yudist Ardhana,Movies,11700000,Indonesia,341800,11500
717,MORGENSHTERN,MORGENSHTERN,Music & DanceMovies,11700000,Russia,1500000,109200
718,TommyInnit,TommyInnit,AnimationVideo games,11700000,United States,2400000,184700
719,Nat and Essie,Nat and Essie,Toys,11700000,United States,25600,259
720,Dani Russo Tv,Dani Russo Tv,AnimationHumor,11700000,Other,18100,1900
721,DANIEL EL TRAVIESO VIDEOS,DANIEL EL TRAVIESO VIDEOS,AnimationHumor,11700000,Colombia,4000000,94800
722,Gulshan Kalra,Gulshan Kalra,Other,11700000,India,3400000,378200
723,Technology Gyan,Technology Gyan,Other,11700000,India,582900,39900
724,luansantanaoficial,Luan Santana,Music & Dance,11700000,Brazil,9800000,83400
725,Natti Natasha,Natti Natasha,Music & Dance,11700000,United States,332200,93800
726,Ajay Sharma,Ajay Sharma,Other,11700000,India,1400000,83800
727,eltreceok,El Trece,News & Politics,11700000,Other,5800,53
728,Narendra Modi,Narendra Modi,Science & TechnologyNews & Politics,11700000,India,37300,1500
729,WiederDude,WiederDude,Other,11700000,United States,2600000,49000
730,Koo Koo TV - Hindi,Koo Koo TV - Hindi,Other,11700000,India,442000,4500
731,Garena Free Fire LATAM,Garena Free Fire LATAM,Other,11700000,Mexico,459700,3100
732,MrTimbaVk,Timba Vk,AnimationVideo games,11700000,Mexico,689300,33500
733,emma chamberlain,emma chamberlain,Food & Drinks,11600000,United States,5300000,492600
734,SMOL,SMOL,Other,11600000,United States,1300000,46400
735,elrubius,Rubius Z,MoviesAnimation,11500000,Argentina,1600000,119400
736,lokdhuntv,Wave Music Bhakti ,Music & Dance,11500000,Other,6600,153
737,Halsey,Halsey,News & Politics,11500000,United States,36000,4400
738,E-MasterSensei,E-MasterSensei,MoviesVideo games,11500000,Mexico,989600,65700
739,Jamuna TV,Jamuna TV,News & Politics,11500000,Bangladesh,33900,925
740,kidstvindia,Kids TV India Hindi Nursery Rhymes,Education,11500000,Other,165900,1100
741,123 GO!,123 GO!,DIY & Life Hacks,11500000,United States,1000000,8200
742,SBTonline,SBT,Other,11500000,Brazil,259,45
743,hoiitsroi,Wassabi,MoviesHumor,11500000,United States,73600,3800
744,Pragati Verma Shorts,Pragati Verma Shorts,Other,11500000,India,3400000,276900
745,FirstWeFeast,First We Feast,Food & Drinks,11500000,United States,264500,6700
746,MTV2,Wild 'N Out,Music & DanceHumor,11500000,United States,256700,6700
747,FelipeViktor,LipaoGamer,MoviesAnimation,11500000,Brazil,137400,8900
748,Tiana,Tiana,Video gamesHumor,11500000,United Kingdom,207100,5300
749,Hero Movies 2022,Hero Movies 2022,Daily vlogs,11500000,India,30600,294
750,Луномосик,Луномосик,Video games,11500000,Russia,2100000,68800
751,الجانب المُشرق | Bright Side Arabic,الجانب المُشرق | Bright Side Arabic,Other,11500000,Egypt,30700,892
752,ExpCaseros,ExpCaseros,DIY & Life HacksFood & Drinks,11500000,Spain,62100,2200
753,CrazyRussianHacker,CrazyRussianHacker,AnimationToys,11500000,United States,62900,2200
754,Akon,Akon,Music & Dance,11500000,Brazil,85300,6800
755,VyQwaint,Vy Qwaint,Video gamesHumor,11500000,United States,2000000,38200
756,办公室小野 Ms Yeah,办公室小野 Ms Yeah,Other,11500000,United States,183200,12400
757,storybots,Netflix Jr.,AnimationHumor,11400000,Other,51300,154
758,BBCEarth,BBC Earth,Other,11400000,United States,71700,2000
759,YoungBoy Never Broke Again,YoungBoy Never Broke Again,Music & Dance,11400000,United States,5600000,273300
760,Ya - Alisa,Ya - Alisa,Other,11300000,Other,2600,16
761,GoldminesAction,GoldminesAction,Other,11300000,Other,12000,139
762,blackeyedpeasvideo,Black Eyed Peas,Music & Dance,11300000,United States,174900,8300
763,realannoyingorange,Annoying Orange,MoviesAnimation,11300000,United States,259600,8800
764,Star Casablanca | نجوم الدار البيضاء,Star Casablanca | نجوم الدار البيضاء,Music & Dance,11300000,Iraq,30700,1600
765,MashaBearUkraine,Маша та Ведмідь,Education,11300000,Other,236900,1300
766,TiempodeSol,Duo Tiempo De Sol,Music & DanceAnimation,11300000,Other,197600,710
767,Biperysusamigos,Biper y sus Amigos,Music & DanceMovies,11300000,Other,155900,0
768,CaptainSparklez,CaptainSparklez,Video games,11300000,United States,167100,17200
769,Bispo Bruno Leonardo,Bispo Bruno Leonardo,Music & Dance,11300000,Brazil,655900,238000
770,UnspeakableGaming,UnspeakableGaming,Video games,11300000,United States,581100,11300
771,epicfortnite,Fortnite,MoviesVideo games,11300000,United States,152800,6200
772,pocoyotv,POCOYÓ en ESPAÑOL - Canal Oficial,Other,11300000,Other,334500,1300
773,yogawithadriene,Yoga With Adriene,Fitness,11300000,United States,302400,7900
774,Free Fire India Official,Free Fire India Official,Animation,11300000,India,81800,7800
775,crackrockcandy,Maymo,Other,11300000,United States,283400,1000
776,infobellskannada,infobells - Kannada,Education,11300000,Other,173700,805
777,TV9 Bharatvarsh,TV9 Bharatvarsh,News & Politics,11300000,India,8000,137
778,lucygerardi43,Luli Pampín,Music & DanceAnimation,11300000,Other,840600,3500
779,Republic Bharat,Republic Bharat,News & Politics,11300000,India,14200,0
780,Magic Five,Magic Five,Travel,11300000,Russia,2000000,135500
781,CarryisLive,CarryisLive,Other,11300000,India,1000000,84500
782,luzugames,luzugames,AnimationVideo games,11300000,Mexico,327400,44900
783,TheViralFeverVideos,The Viral Fever,MoviesHumor,11300000,India,1200000,56600
784,hawkrecord,Single Track Studio,Music & Dance,11300000,India,1300000,44100
785,elcarteldesantatv,elcarteldesantatv,Music & Dance,11300000,Mexico,103900,7100
786,MC Divertida,MC Divertida,Music & DanceMovies,11200000,Other,387700,3900
787,MaJa Tv Hindi Stories,MaJa Tv Hindi Stories,Other,11200000,India,518700,5500
788,ToysPlay,ToysPlay,AnimationToys,11100000,Other,220100,1200
789,BakLol Video,BakLol Video,MoviesHumor,11100000,India,1000000,18200
790,AlArabiya,AlArabiya العربية,News & Politics,11100000,Algeria,2900,52
791,Avocado Couple I Crazy Comics,Avocado Couple I Crazy Comics,Other,11100000,United States,352900,3200
792,Morphle TV,Morphle TV,AnimationToys,11100000,Other,242000,0
793,watchcut,Cut,Humor,11100000,United States,404700,14600
794,RapGeniusVideo,Genius,Music & DanceMovies,11100000,United States,27100,1100
795,Quantum Tech HD,Quantum Tech HD,Other,11100000,United States,2400000,11000
796,oyabakatousan,"Sen, Momo, Ai & Shii's Channel",Daily vlogs,11100000,Japan,35200,147
797,Mo Vlogs,Mo Vlogs,HumorAutos & Vehicles,11100000,India,342200,16600
798,chotoonz,Chotoonz TV - Funny Cartoons for Kids,Other,11100000,Other,47100,0
799,comedycentral,Comedy Central,MoviesHumor,11100000,United States,31200,799
800,francoescamilla,Franco Escamilla,Other,11100000,Mexico,463400,12800
801,FilmTheorists,The Film Theorists,Movies,11100000,United States,2300000,124100
802,Emily Tube,Emily Tube,AnimationToys,11100000,Other,11600,50
803,Virgínia Fonseca,Virgínia Fonseca,MoviesHumor,11100000,Brazil,554600,49300
804,ExplosmEntertainment,ExplosmEntertainment,MoviesAnimation,11100000,United States,288700,16500
805,Pari's Lifestyle,Pari's Lifestyle,Daily vlogs,11100000,India,1000000,12500
806,bharatzkitchen HINDI,bharatzkitchen HINDI,Other,11100000,India,202100,6100
807,prantoniojunior,Pastor Antônio Júnior,Music & Dance,11100000,Brazil,308900,73100
808,Diana and Roma IND,Diana and Roma IND,Other,11000000,Other,1200000,6500
809,Влад и Никита,Влад и Никита,Toys,11000000,Other,1500000,6300
810,KapilComedyNights,Colors Rishtey,Other,10900000,India,6100,73
811,jpgameplayfull,JP Plays,Video games,10900000,Brazil,225200,11700
812,barbie,Barbie,Other,10900000,Other,83300,1600
813,DemolitionRanch,DemolitionRanch,Video games,10900000,United States,1200000,61200
814,Levinho,Levinho,Other,10900000,India,257600,25700
815,Acenix,Acenix,Video games,10900000,Mexico,2000000,67800
816,TygaTygaTV,Tyga,Music & Dance,10900000,United States,0,0
817,XHuevaX,Hueva,Video games,10900000,Mexico,529300,14900
818,mirandasings08,Miranda Sings,MoviesHumor,10900000,United States,152600,12000
819,Taylor RS,Taylor RS,Other,10900000,United States,96900,542
820,cbstvdinsideedition,Inside Edition,News & Politics,10900000,United States,222200,6000
821,Mrwhosetheboss,Mrwhosetheboss,Science & Technology,10900000,United States,3000000,152000
822,Oum Walid,Oum Walid,Education,10900000,Algeria,492900,24500
823,pinkfongko,핑크퐁 (인기 동요・동화),Education,10900000,South Korea,27800,122
824,Doja Cat,Doja Cat,Music & Dance,10900000,United States,615000,36900
825,HikakinTV,HikakinTV,Music & DanceHumor,10900000,Japan,2600000,46300
826,doctruyencotich,Kênh Thiếu Nhi - BHMEDIA,Music & DanceAnimation,10900000,United States,13400,49
827,videogyan,Videogyan Nursery Rhymes - Kids Songs & Cartoons,Animation,10900000,Other,58700,269
828,Área Secreta,Área Secreta,Movies,10900000,Brazil,136500,23500
829,Dobre Brothers,Dobre Brothers,MoviesHumor,10900000,United States,457900,18500
830,OGGY,OGGY,Other,10900000,Other,245000,2400
831,Flowers Comedy,Flowers Comedy,Other,10900000,India,160300,2200
832,GamesEduUu,Games EduUu,MoviesToys,10900000,Brazil,1500000,206900
833,OYUNCAKOYNUYORUM,OYUNCAKOYNUYORUM,Other,10900000,Other,274300,1300
834,Flamingo,Flamingo,AnimationVideo games,10900000,United States,2000000,68700
835,penguinz0,penguinz0,AnimationVideo games,10800000,United States,1200000,58600
836,N1Noobtubers,웃웃TwinsFromRussia,Daily vlogs,10800000,United States,94200,4900
837,brancoala,Brancoala,MoviesAnimation,10800000,Brazil,626700,13500
838,Experienced Mojaraba TV,Experienced Mojaraba TV,Health & Self HelpFood & Drinks,10700000,United States,0,0
839,sagahits,SagaHits,Music & Dance,10700000,India,283700,6700
840,NEXT9NEWS हर खबर आप तक,NEXT9NEWS हर खबर आप तक,News & Politics,10700000,India,2700,20
841,telugufilmnagar,Telugu Filmnagar,Other,10700000,India,3000,54
842,Jessica Jane,Jessica Jane,Food & Drinks,10700000,Indonesia,1500000,65900
843,Golemcito Games,Golemcito Games,MoviesAnimation,10700000,Peru,1800000,182800
844,TWO SIDE GAMERS,TWO SIDE GAMERS,Other,10700000,India,899800,83500
845,OfficiallyAnneMarie,Anne-Marie,Music & Dance,10700000,India,556600,26900
846,Slogomanify,Slogo,Video games,10700000,United States,273800,12400
847,Vox,Vox,News & Politics,10700000,United States,1300000,32700
848,WarnerBrosPictures,Warner Bros. Pictures,MoviesAnimation,10700000,United States,20400,831
849,Google,Google,Other,10700000,United States,2300000,433
850,AdamThomasMoran,AdamThomasMoran,Video gamesHumor,10700000,Russia,627600,50600
851,GoProCamera,GoPro,Sports,10700000,United States,36300,1400
852,Lofi Girl,Lofi Girl,Music & Dance,10700000,United States,84800,4500
853,Troom Troom Arabic,Troom Troom Arabic,Other,10700000,Egypt,475500,6200
854,Nao FunFun,Nao FunFun,Daily vlogs,10700000,United States,5600,47
855,Ceylin - H Official,Ceylin - H Official,Music & Dance,10700000,Turkey,20200,0
856,stampylonghead,stampylonghead,Video games,10700000,United States,114100,5800
857,Rachit Rojha,Rachit Rojha,Other,10700000,India,0,0
858,zeetamil,Zee Tamil,Other,10700000,India,14300,195
859,Captain Watch Hits,Captain Watch Hits,Other,10600000,India,22700,164
860,Ben Azelart,Ben Azelart,Video gamesHumor,10600000,United States,9000000,236900
861,aljazeerachannel,AlJazeera Channel قناة الجزيرة,News & Politics,10500000,Morocco,8100,142
862,MeKcanal,Matheus e Kauan,Music & Dance,10500000,Brazil,388200,10400
863,tomiii 11,tomiii 11,Daily vlogs,10500000,Mexico,147000,19200
864,TikTak Draw,TikTak Draw,Animation,10500000,Mexico,122600,6100
865,DuDuPopTOY,DuDuPopTOY,AnimationHumor,10500000,Other,7300,75
866,Kids smile TV,Kids smile TV,MoviesToys,10500000,Other,151900,930
867,rangeldovine,Lucas Rangel,Other,10500000,Brazil,36100,3200
868,craftingeek,Craftingeek,Other,10500000,Mexico,269800,7900
869,Vlad and Niki PRT,Vlad and Niki PRT,Other,10500000,Other,1000000,0
870,francinyehlke,Franciny Ehlke,FashionDesign/art,10500000,Brazil,202400,22400
871,BE AMAZED,BE AMAZED,Education,10500000,United States,343300,11100
872,Pen Multiplex,Pen Multiplex,Other,10500000,India,11400,81
873,soicon295,Magnet World,Other,10500000,United States,21000,247
874,"Baby Big Mouth Kids - Sing, Dance, Explore","Baby Big Mouth Kids - Sing, Dance, Explore",AnimationToys,10500000,Other,902,9
875,PinaRecordsVideos,Pina Records,Music & Dance,10500000,Colombia,463100,19400
876,redbull,Red Bull,Sports,10500000,United States,84400,2700
877,BuzzFeedYellow,As/Is,Daily vlogs,10500000,United States,13900,582
878,ChillStepNation,Chill Nation,Music & Dance,10500000,United States,34700,933
879,Alan Chikin Chow,Alan Chikin Chow,Other,10500000,India,12500000,415900
880,Milena Stepanienco - MILENINHA,Milena Stepanienco - MILENINHA,MoviesAnimation,10500000,Brazil,709700,5000
881,قناة وناسة -  Wanasah TV,قناة وناسة -  Wanasah TV,Music & Dance,10500000,Other,1400000,11100
882,sbtthenoite,The Noite com Danilo Gentili,MoviesHumor,10500000,Brazil,14100,763
883,destinws2,SmarterEveryDay,Science & Technology,10500000,United States,808400,43400
884,SaraBeautyCorner,"SaraBeautyCorner - DIY, Comedy, Makeup, Nail Art",DIY & Life Hacks,10500000,United States,72000,4200
885,LA DIVAZA,LA DIVAZA,Music & DanceHumor,10500000,Mexico,995700,83200
886,CJENMMUSIC,Stone Music Entertainment,Music & DanceMovies,10500000,United States,5800,460
887,Caso Cerrado,Caso Cerrado,Animation,10500000,Mexico,359800,4200
888,Primitive Technology,Primitive Technology,DIY & Life Hacks,10500000,United States,2300000,146300
889,Goldmines Housefull,Goldmines Housefull,Other,10500000,Other,23000,0
890,mrplotvideos,Mundo Bita,Music & DanceMovies,10500000,Other,172500,2800
891,Playing with Rafael,Playing with Rafael,Other,10500000,Brazil,20300,597
892,Cris Devil Gamer,Cris Devil Gamer,MoviesAnimation,10500000,United States,499600,15100
893,ctctv,СТС,Video gamesHumor,10500000,Russia,78400,640
894,RDCGujarati,RDC Gujarati,Music & Dance,10500000,India,27600,1200
895,HISHEdotcom,How It Should Have Ended,MoviesAnimation,10400000,United States,1100000,44600
896,ChuChuTV Hindi,ChuChuTV Hindi,Education,10400000,Other,66500,364
897,MrGustavoParodias,Gustavo Paródias,Other,10300000,Brazil,344700,34100
898,historychannel,HISTORY,Movies,10300000,United States,59500,1300
899,Joe HaTTab,Joe HaTTab,Movies,10300000,Somalia,2100000,299700
900,WAMIndiaMovies,Wamindia Movies,Other,10300000,India,7800,65
901,lincolnvelasquez,Cong TV,Other,10300000,Philippines,3900000,223100
902,Pinkfong en español - Canciones Infantiles,Pinkfong en español - Canciones Infantiles,AnimationToys,10300000,Other,59000,273
903,atv,atv,MoviesAnimation,10300000,Turkey,13400,118
904,TwinRoozi 쌍둥이 루지,TwinRoozi 쌍둥이 루지,Daily vlogs,10300000,Indonesia,127700,0
905,AsapSCIENCE,AsapSCIENCE,Science & Technology,10300000,United States,132000,9800
906,rathorvideo,Rathore Cassettes,Other,10300000,India,6000,97
907,KiKiDo,KiKiDo,Video gamesHumor,10300000,Russia,3400000,81300
908,Indore Physical Academy,Indore Physical Academy,Other,10300000,India,213300,17900
909,DalasReview,Dalas Review,Science & Technology,10300000,Mexico,649100,64600
910,Hindi Kahaniya,Hindi Kahaniya,Other,10300000,India,63600,1000
911,Heidi y Zidane en español,Heidi y Zidane en español,Toys,10300000,Other,213000,1200
912,0214mex,はじめしゃちょー（hajime）,Music & DanceHumor,10300000,Japan,1700000,36800
913,Toymong tv 토이몽TV,Toymong tv 토이몽TV,Other,10300000,Other,30100,262
914,cleanbandit,Clean Bandit,Music & Dance,10300000,United States,20300,817
915,Rawan and Rayan,Rawan and Rayan,Other,10300000,Algeria,1300000,81000
916,Hindi Fairy Tales,Hindi Fairy Tales,Other,10300000,India,328100,5900
917,Guns N' Roses,Guns N' Roses,Other,10300000,Brazil,0,0
918,Sab Kuchh Sekho Jano,Sab Kuchh Sekho Jano,News & Politics,10300000,India,18600,1000
919,Peppa Pig Hindi,Peppa Pig Hindi,Education,10200000,Other,309300,2500
920,5-Minute Crafts LIKE,5-Minute Crafts LIKE,Other,10200000,United States,18500,164
921,Lorrayne Oliveira,Lorrayne Oliveira,AnimationHumor,10200000,Brazil,667300,30100
922,NASAtelevision,NASA,News & PoliticsScience & Technology,10100000,United States,76300,3400
923,Heroine Movies 2022,Heroine Movies 2022,Daily vlogs,10100000,India,233300,1600
924,Receitas de Pai,Receitas de Pai,Food & Drinks,10100000,Brazil,100100,12300
925,JessicaJulioeBaby,Laurinha e Helena - Clubinho da Laura,MoviesAnimation,10100000,Brazil,178700,3800
926,Viki Show,Viki Show,Video gamesToys,10100000,Russia,2700000,103000
927,T-STUDIO,T-STUDIO,Other,10100000,Indonesia,132000,3800
928,sadhguru,Sadhguru,Movies,10100000,India,115800,6600
929,Hindi Countdown,Hindi Countdown,Education,10100000,India,4800000,88500
930,ARYNEWSofficial,ARY News,News & Politics,10100000,Pakistan,21900,559
931,Wylsacom,Wylsacom,News & Politics,10100000,Russia,408800,16400
932,вДудь,вДудь,News & Politics,10100000,Russia,7700000,280800
933,Comedy Captain,Comedy Captain,Other,10100000,India,56100,316
934,Danny Fitt,Danny Fitt,Other,10100000,Mexico,1300000,101700
935,Ryan Trahan,Ryan Trahan,Humor,10100000,United States,6300000,299500
936,BBCArabicNews,BBC News عربي,News & Politics,10100000,Morocco,21300,407
937,TomorrowlandChannel,Tomorrowland,Music & Dance,10100000,Brazil,17800,811
938,MTV,MTV,Music & DanceMovies,10100000,United States,70900,2200
939,sonyliv,SonyLIV,Other,10100000,India,6500,80
940,Luan Palomera,Luan Palomera,Other,10100000,Mexico,887100,64200
941,Marta and Rustam,Marta and Rustam,Other,10100000,India,4100000,105400
942,PineappleStormTV,PineappleStormTV,Music & Dance,10100000,Brazil,308400,38100
943,Christian Nodal,Christian Nodal,Music & Dance,10100000,Mexico,0,0
944,miniminter,Miniminter,Video gamesHumor,10100000,United Kingdom,2800000,180700
945,RUOK,RUOK,Other,10100000,Brazil,878900,88200
946,Sơn Tùng M-TP Official,Sơn Tùng M-TP Official,Music & DanceAnimation,10100000,United States,6800000,448200
947,VitalyzdTv,VitalyzdTv,Humor,10100000,United States,0,0
948,5-Minute Recipes,5-Minute Recipes,Other,10100000,India,61800,668
949,Dynamo Gaming,Dynamo Gaming,Other,10100000,India,288600,39000
950,Survival Builder,Survival Builder,Other,10100000,United States,120400,2800
951,Talent Recap,Talent Recap,Music & DanceMovies,10100000,United States,77800,1000
952,ChennaiExp2013,Red Chillies Entertainment,Other,10100000,India,36200,1300
953,BERTH-OH,BERTH-OH,Autos & Vehicles,10100000,Mexico,503600,25100
954,Patty Mayo,Patty Mayo,MoviesHumor,10100000,United States,413400,16500
955,Islam Populer,Islam Populer,Education,10100000,Indonesia,58600,1700
956,singkingkaraoke,Sing King,Music & Dance,10100000,United States,17400,151
957,설기양SULGI,설기양SULGI,ASMRFood & Drinks,10000000,United States,883700,20300
958,Nickelodeon,Nickelodeon,MoviesAnimation,10000000,Other,74900,826
959,The Daily Show with Trevor Noah,The Daily Show with Trevor Noah,News & Politics,10000000,United States,284800,8600
960,timesmusicindia,Times Music,Music & Dance,10000000,India,14200,569
961,familyfunpack,Family Fun Pack,Other,10000000,United States,136300,2400
962,EugenBro,EugenBro,Video games,10000000,Russia,439100,24000
963,barcroftmedia,truly,News & Politics,10000000,United States,45100,0
964,mamilosmolengas,Mussoumano,Music & DanceAnimation,10000000,Brazil,961800,45900
965,Family Box,Family Box,Video games,10000000,Russia,303000,9200
966,[햄지]Hamzy,[햄지]Hamzy,Other,10000000,United States,2800000,57300
967,makebymarimaria,Mari Maria,FashionDIY & Life Hacks,9900000,Brazil,137200,10900
968,BrPVPHu3,João Caetano,Other,9900000,Brazil,593800,49500
969,joycetanner,QPark,Music & DanceHumor,9900000,United States,79500,5400
970,shrutiarjunanand,Shruti Arjun Anand,MoviesHumor,9900000,India,852500,22600
971,ThePersica,Orkun Işıtmak,Animation,9900000,Turkey,2100000,88900
972,MBCkpop,MBCkpop,Music & Dance,9900000,Malaysia,10900,1200
973,OneRepublic,OneRepublic,Music & Dance,9900000,United States,879300,32200
974,Stray Kids,Stray Kids,Music & DanceMovies,9900000,United States,476500,69900
975,ChuChuTV Español,ChuChuTV Español,Toys,9900000,Other,36600,140
976,panicopgm,Programa Panico,Toys,9900000,Brazil,18300,1200
977,TeremokTV,Теремок ТВ,Video games,9900000,Other,111500,535
978,Netflix Latinoamérica,Netflix Latinoamérica,Other,9900000,Other,38100,2200
979,مصطفى GAME OVER,مصطفى GAME OVER,Other,9900000,Iraq,765200,98900
980,htv2channel,Vie Channel - HTV2,Music & Dance,9900000,United States,21500,132
981,hasanjr11,hasanjr11,Other,9800000,Indonesia,6900,553
982,Raditya Dika,Raditya Dika,Food & Drinks,9800000,Indonesia,489900,23200
983,Prince Royce,Prince Royce,Music & Dance,9800000,United States,1100000,19100
984,Oneindia Hindi | वनइंडिया हिंदी,Oneindia Hindi | वनइंडिया हिंदी,News & Politics,9800000,India,2000,27
985,CS Bisht Vines,CS Bisht Vines,Other,9800000,India,6200000,50700
986,TeremokSongs,Теремок - Песенки для детей,Music & Dance,9800000,Russia,185100,1100
987,IniTalkShow,Ini Talk Show,Music & DanceHumor,9800000,Indonesia,18600,430
988,buzzfeedblue,BuzzFeed Multiplayer,AnimationVideo games,9800000,United States,17500,446
989,Eagle Home Entertainments,Eagle Home Entertainments,Other,9800000,India,937,7
990,SULE PRODUCTIONS,SULE PRODUCTIONS,Other,9800000,Indonesia,739500,32600
991,The Voice Global,The Voice Global,Music & Dance,9800000,United States,284000,6000
992,bhaktisongs,Shemaroo Bhakti,Music & Dance,9800000,India,2500,52
993,Larva2011ani,Larva TUBA,Other,9800000,United States,74600,1500
994,DRJ Records Specials ,DRJ Records Specials ,Other,9800000,India,25800,121
995,Doctor Mike,Doctor Mike,Health & Self Help,9800000,United States,1900000,76800
996,123 GO! Hindi,123 GO! Hindi,Other,9800000,India,829500,5900
997,welovekamikaze,welovekamikaze,Other,9700000,Other,2500,68
998,TheSyndicateProject,Syndicate,Video games,9700000,United States,56600,2300
999,DELRECORDS,DEL Records,Music & Dance,9700000,Mexico,724600,23200
1000,BIBI,BIBI,MoviesAnimation,9700000,Other,28200,3700